source_person_id,target_person_id,edge_type,weight,evidence_url,evidence_text
p_08428cfb4434,p_83b541e9bcf1,linked_profile,0.75,https://www.tuwien.at/en/phy/iap/biophysics/team,Profile source links to Jakob Roland Schindelwig
p_0f1c5362be36,p_83b541e9bcf1,linked_profile,0.75,https://www.tuwien.at/en/phy/iap/biophysics/team,Profile source links to Jakob Roland Schindelwig
p_0fb45048ee50,p_fe4fedd24693,linked_profile,0.75,https://www.ac.tuwien.ac.at/,Profile source links to Stefan Szeider
p_18841830cbeb,p_fe4fedd24693,linked_profile,0.75,https://www.ac.tuwien.ac.at/,Profile source links to Stefan Szeider
p_1f09b5d32cdd,p_fe4fedd24693,linked_profile,0.75,https://www.ac.tuwien.ac.at/,Profile source links to Stefan Szeider
p_21213f62ac00,p_fe4fedd24693,linked_profile,0.75,https://www.ac.tuwien.ac.at/,Profile source links to Stefan Szeider
p_2509f720aa30,p_fe4fedd24693,linked_profile,0.75,https://www.ac.tuwien.ac.at/,Profile source links to Stefan Szeider
p_27b513013d06,p_fe4fedd24693,linked_profile,0.75,https://www.ac.tuwien.ac.at/,Profile source links to Stefan Szeider
p_2e603dc1c71c,p_fe4fedd24693,linked_profile,0.75,https://www.ac.tuwien.ac.at/,Profile source links to Stefan Szeider
p_37743812e7b8,p_fe4fedd24693,linked_profile,0.75,https://www.ac.tuwien.ac.at/,Profile source links to Stefan Szeider
p_38c8b73d6a2b,p_fe4fedd24693,linked_profile,0.75,https://www.ac.tuwien.ac.at/,Profile source links to Stefan Szeider
p_42e2f5bb234f,p_fe4fedd24693,linked_profile,0.75,https://www.ac.tuwien.ac.at/,Profile source links to Stefan Szeider
p_474b99321c8e,p_fe4fedd24693,linked_profile,0.75,https://www.ac.tuwien.ac.at/,Profile source links to Stefan Szeider
p_498e29fa4608,p_fe4fedd24693,linked_profile,0.75,https://www.ac.tuwien.ac.at/,Profile source links to Stefan Szeider
p_4cab06668830,p_fe4fedd24693,linked_profile,0.75,https://www.ac.tuwien.ac.at/,Profile source links to Stefan Szeider
p_4cc6a124d188,p_fe4fedd24693,linked_profile,0.75,https://www.ac.tuwien.ac.at/,Profile source links to Stefan Szeider
p_4dc4ecc133d9,p_fe4fedd24693,linked_profile,0.75,https://www.ac.tuwien.ac.at/,Profile source links to Stefan Szeider
p_4fc01d6873af,p_fe4fedd24693,linked_profile,0.75,https://www.ac.tuwien.ac.at/,Profile source links to Stefan Szeider
p_57e81a33799a,p_fe4fedd24693,linked_profile,0.75,https://www.ac.tuwien.ac.at/,Profile source links to Stefan Szeider
p_5ba48ee11139,p_fe4fedd24693,linked_profile,0.75,https://www.ac.tuwien.ac.at/,Profile source links to Stefan Szeider
p_6b040c1875f9,p_fe4fedd24693,linked_profile,0.75,https://www.ac.tuwien.ac.at/,Profile source links to Stefan Szeider
p_77cacdbdd3f6,p_fe4fedd24693,linked_profile,0.75,https://www.ac.tuwien.ac.at/,Profile source links to Stefan Szeider
p_7875be5ed0ba,p_fe4fedd24693,linked_profile,0.75,https://www.ac.tuwien.ac.at/,Profile source links to Stefan Szeider
p_809af1dac0a0,p_fe4fedd24693,linked_profile,0.75,https://www.ac.tuwien.ac.at/,Profile source links to Stefan Szeider
p_83b541e9bcf1,p_a028904c9e1a,linked_profile,0.75,https://www.tuwien.at/en/phy/iap/biophysics/team,Profile source links to Jakob Roland Schindelwig
p_83b541e9bcf1,p_b8ec718bc717,linked_profile,0.75,https://www.tuwien.at/en/phy/iap/biophysics/team,Profile source links to Jakob Roland Schindelwig
p_83b541e9bcf1,p_d3ba47c6902d,linked_profile,0.75,https://www.tuwien.at/en/phy/iap/biophysics/team,Profile source links to Jakob Roland Schindelwig
p_83b541e9bcf1,p_dc4fb3952406,linked_profile,0.75,https://www.tuwien.at/en/phy/iap/biophysics/team,Profile source links to Jakob Roland Schindelwig
p_83c0e77cd9b3,p_fe4fedd24693,linked_profile,0.75,https://www.ac.tuwien.ac.at/,Profile source links to Stefan Szeider
p_8a50c5542f0a,p_fe4fedd24693,linked_profile,0.75,https://www.ac.tuwien.ac.at/,Profile source links to Stefan Szeider
p_92f17fe87fab,p_fe4fedd24693,linked_profile,0.75,https://www.ac.tuwien.ac.at/,Profile source links to Stefan Szeider
p_96c3dfdf7ef9,p_fe4fedd24693,linked_profile,0.75,https://www.ac.tuwien.ac.at/,Profile source links to Stefan Szeider
p_98110fe30104,p_fe4fedd24693,linked_profile,0.75,https://www.ac.tuwien.ac.at/,Profile source links to Stefan Szeider
p_98cd99958f30,p_fe4fedd24693,linked_profile,0.75,https://www.ac.tuwien.ac.at/,Profile source links to Stefan Szeider
p_9bbf7296597f,p_fe4fedd24693,linked_profile,0.75,https://www.ac.tuwien.ac.at/,Profile source links to Stefan Szeider
p_9d16806563dc,p_fe4fedd24693,linked_profile,0.75,https://www.ac.tuwien.ac.at/,Profile source links to Stefan Szeider
p_a3572a58b762,p_fe4fedd24693,linked_profile,0.75,https://www.ac.tuwien.ac.at/,Profile source links to Stefan Szeider
p_a41459cdd768,p_fe4fedd24693,linked_profile,0.75,https://www.ac.tuwien.ac.at/,Profile source links to Stefan Szeider
p_a94928a1c583,p_fe4fedd24693,linked_profile,0.75,https://www.ac.tuwien.ac.at/,Profile source links to Stefan Szeider
p_ad6993f05ccc,p_fe4fedd24693,linked_profile,0.75,https://www.ac.tuwien.ac.at/,Profile source links to Stefan Szeider
p_b3a0f268994f,p_fe4fedd24693,linked_profile,0.75,https://www.ac.tuwien.ac.at/,Profile source links to Stefan Szeider
p_b6f5c5402d18,p_fe4fedd24693,linked_profile,0.75,https://www.ac.tuwien.ac.at/,Profile source links to Stefan Szeider
p_b7d7331a7460,p_fe4fedd24693,linked_profile,0.75,https://www.ac.tuwien.ac.at/,Profile source links to Stefan Szeider
p_bc88d0286909,p_fe4fedd24693,linked_profile,0.75,https://www.ac.tuwien.ac.at/,Profile source links to Stefan Szeider
p_bdf69ab58730,p_fe4fedd24693,linked_profile,0.75,https://www.ac.tuwien.ac.at/,Profile source links to Stefan Szeider
p_c28424c7cff8,p_fe4fedd24693,linked_profile,0.75,https://www.ac.tuwien.ac.at/,Profile source links to Stefan Szeider
p_c4e79a8aedca,p_fe4fedd24693,linked_profile,0.75,https://www.ac.tuwien.ac.at/,Profile source links to Stefan Szeider
p_c8b99d53c18a,p_fe4fedd24693,linked_profile,0.75,https://www.ac.tuwien.ac.at/,Profile source links to Stefan Szeider
p_ca1dc2eed7f6,p_fe4fedd24693,linked_profile,0.75,https://www.ac.tuwien.ac.at/,Profile source links to Stefan Szeider
p_ca4a99f213dc,p_fe4fedd24693,linked_profile,0.75,https://www.ac.tuwien.ac.at/,Profile source links to Stefan Szeider
p_cc44e04be967,p_fe4fedd24693,linked_profile,0.75,https://www.ac.tuwien.ac.at/,Profile source links to Stefan Szeider
p_d48e4ef31772,p_fe4fedd24693,linked_profile,0.75,https://www.ac.tuwien.ac.at/,Profile source links to Stefan Szeider
p_d54412518e1d,p_fe4fedd24693,linked_profile,0.75,https://www.ac.tuwien.ac.at/,Profile source links to Stefan Szeider
p_d59111e0cf6d,p_fe4fedd24693,linked_profile,0.75,https://www.ac.tuwien.ac.at/,Profile source links to Stefan Szeider
p_d6acc5297b85,p_fe4fedd24693,linked_profile,0.75,https://www.ac.tuwien.ac.at/,Profile source links to Stefan Szeider
p_d96513056fad,p_fe4fedd24693,linked_profile,0.75,https://www.ac.tuwien.ac.at/,Profile source links to Stefan Szeider
p_d979c0609bb0,p_fe4fedd24693,linked_profile,0.75,https://www.ac.tuwien.ac.at/,Profile source links to Stefan Szeider
p_e3bdbee9f327,p_fe4fedd24693,linked_profile,0.75,https://www.ac.tuwien.ac.at/,Profile source links to Stefan Szeider
p_f0796af1f964,p_fe4fedd24693,linked_profile,0.75,https://www.ac.tuwien.ac.at/,Profile source links to Stefan Szeider
p_f5aae7a1da7f,p_fe4fedd24693,linked_profile,0.75,https://www.ac.tuwien.ac.at/,Profile source links to Stefan Szeider
p_f69c45a1adca,p_fe4fedd24693,linked_profile,0.75,https://www.ac.tuwien.ac.at/,Profile source links to Stefan Szeider
p_f6ca4ba0d6a3,p_fe4fedd24693,linked_profile,0.75,https://www.ac.tuwien.ac.at/,Profile source links to Stefan Szeider
p_f91fbfeafc03,p_fe4fedd24693,linked_profile,0.75,https://www.ac.tuwien.ac.at/,Profile source links to Stefan Szeider
p_f9a0dfb82f0c,p_fe4fedd24693,linked_profile,0.75,https://www.ac.tuwien.ac.at/,Profile source links to Stefan Szeider
p_faf0432d7287,p_fe4fedd24693,linked_profile,0.75,https://www.ac.tuwien.ac.at/,Profile source links to Stefan Szeider
p_faf72768d249,p_fe4fedd24693,linked_profile,0.75,https://www.ac.tuwien.ac.at/,Profile source links to Stefan Szeider
p_fc085ff11435,p_fe4fedd24693,linked_profile,0.75,https://www.ac.tuwien.ac.at/,Profile source links to Stefan Szeider
p_08428cfb4434,p_0caa9f1e9444,same_faculty,0.35,,Shared faculty: Faculty of Physics
p_08428cfb4434,p_3cbeb63407f3,same_faculty,0.35,,Shared faculty: Faculty of Physics
p_08428cfb4434,p_881b0250c99b,same_faculty,0.35,,Shared faculty: Faculty of Physics
p_08428cfb4434,p_dcb61d9ae7f5,same_faculty,0.35,,Shared faculty: Faculty of Physics
p_08428cfb4434,p_fd37508619d9,same_faculty,0.35,,Shared faculty: Faculty of Physics
p_0caa9f1e9444,p_0f1c5362be36,same_faculty,0.35,,Shared faculty: Faculty of Physics
p_0caa9f1e9444,p_3cbeb63407f3,same_faculty,0.35,,Shared faculty: Faculty of Physics
p_0caa9f1e9444,p_83b541e9bcf1,same_faculty,0.35,,Shared faculty: Faculty of Physics
p_0caa9f1e9444,p_a028904c9e1a,same_faculty,0.35,,Shared faculty: Faculty of Physics
p_0caa9f1e9444,p_b8ec718bc717,same_faculty,0.35,,Shared faculty: Faculty of Physics
p_0caa9f1e9444,p_d3ba47c6902d,same_faculty,0.35,,Shared faculty: Faculty of Physics
p_0caa9f1e9444,p_dc4fb3952406,same_faculty,0.35,,Shared faculty: Faculty of Physics
p_0f1c5362be36,p_3cbeb63407f3,same_faculty,0.35,,Shared faculty: Faculty of Physics
p_0f1c5362be36,p_881b0250c99b,same_faculty,0.35,,Shared faculty: Faculty of Physics
p_0f1c5362be36,p_dcb61d9ae7f5,same_faculty,0.35,,Shared faculty: Faculty of Physics
p_0f1c5362be36,p_fd37508619d9,same_faculty,0.35,,Shared faculty: Faculty of Physics
p_3cbeb63407f3,p_83b541e9bcf1,same_faculty,0.35,,Shared faculty: Faculty of Physics
p_3cbeb63407f3,p_881b0250c99b,same_faculty,0.35,,Shared faculty: Faculty of Physics
p_3cbeb63407f3,p_a028904c9e1a,same_faculty,0.35,,Shared faculty: Faculty of Physics
p_3cbeb63407f3,p_b8ec718bc717,same_faculty,0.35,,Shared faculty: Faculty of Physics
p_3cbeb63407f3,p_d3ba47c6902d,same_faculty,0.35,,Shared faculty: Faculty of Physics
p_3cbeb63407f3,p_dc4fb3952406,same_faculty,0.35,,Shared faculty: Faculty of Physics
p_3cbeb63407f3,p_dcb61d9ae7f5,same_faculty,0.35,,Shared faculty: Faculty of Physics
p_3cbeb63407f3,p_fd37508619d9,same_faculty,0.35,,Shared faculty: Faculty of Physics
p_83b541e9bcf1,p_881b0250c99b,same_faculty,0.35,,Shared faculty: Faculty of Physics
p_83b541e9bcf1,p_dcb61d9ae7f5,same_faculty,0.35,,Shared faculty: Faculty of Physics
p_83b541e9bcf1,p_fd37508619d9,same_faculty,0.35,,Shared faculty: Faculty of Physics
p_881b0250c99b,p_a028904c9e1a,same_faculty,0.35,,Shared faculty: Faculty of Physics
p_881b0250c99b,p_b8ec718bc717,same_faculty,0.35,,Shared faculty: Faculty of Physics
p_881b0250c99b,p_d3ba47c6902d,same_faculty,0.35,,Shared faculty: Faculty of Physics
p_881b0250c99b,p_dc4fb3952406,same_faculty,0.35,,Shared faculty: Faculty of Physics
p_a028904c9e1a,p_dcb61d9ae7f5,same_faculty,0.35,,Shared faculty: Faculty of Physics
p_a028904c9e1a,p_fd37508619d9,same_faculty,0.35,,Shared faculty: Faculty of Physics
p_b8ec718bc717,p_dcb61d9ae7f5,same_faculty,0.35,,Shared faculty: Faculty of Physics
p_b8ec718bc717,p_fd37508619d9,same_faculty,0.35,,Shared faculty: Faculty of Physics
p_d3ba47c6902d,p_dcb61d9ae7f5,same_faculty,0.35,,Shared faculty: Faculty of Physics
p_d3ba47c6902d,p_fd37508619d9,same_faculty,0.35,,Shared faculty: Faculty of Physics
p_dc4fb3952406,p_dcb61d9ae7f5,same_faculty,0.35,,Shared faculty: Faculty of Physics
p_dc4fb3952406,p_fd37508619d9,same_faculty,0.35,,Shared faculty: Faculty of Physics
p_08428cfb4434,p_0f1c5362be36,same_group,1.00,,Shared group: Theory of Living Matter Group
p_08428cfb4434,p_83b541e9bcf1,same_group,1.00,,Shared group: Theory of Living Matter Group
p_08428cfb4434,p_dc4fb3952406,same_group,1.00,,Shared group: Theory of Living Matter Group
p_0f1c5362be36,p_83b541e9bcf1,same_group,1.00,,Shared group: Theory of Living Matter Group
p_0f1c5362be36,p_dc4fb3952406,same_group,1.00,,Shared group: Theory of Living Matter Group
p_0fb45048ee50,p_18841830cbeb,same_group,1.00,,Shared group: Algorithms and Complexity Group
p_0fb45048ee50,p_1f09b5d32cdd,same_group,1.00,,Shared group: Algorithms and Complexity Group
p_0fb45048ee50,p_21213f62ac00,same_group,1.00,,Shared group: Algorithms and Complexity Group
p_0fb45048ee50,p_2509f720aa30,same_group,1.00,,Shared group: Algorithms and Complexity Group
p_0fb45048ee50,p_27b513013d06,same_group,1.00,,Shared group: Algorithms and Complexity Group
p_0fb45048ee50,p_2e603dc1c71c,same_group,1.00,,Shared group: Algorithms and Complexity Group
p_0fb45048ee50,p_37743812e7b8,same_group,1.00,,Shared group: Algorithms and Complexity Group
p_0fb45048ee50,p_38c8b73d6a2b,same_group,1.00,,Shared group: Algorithms and Complexity Group
p_0fb45048ee50,p_42e2f5bb234f,same_group,1.00,,Shared group: Algorithms and Complexity Group
p_0fb45048ee50,p_474b99321c8e,same_group,1.00,,Shared group: Algorithms and Complexity Group
p_0fb45048ee50,p_498e29fa4608,same_group,1.00,,Shared group: Algorithms and Complexity Group
p_0fb45048ee50,p_4cab06668830,same_group,1.00,,Shared group: Algorithms and Complexity Group
p_0fb45048ee50,p_4cc6a124d188,same_group,1.00,,Shared group: Algorithms and Complexity Group
p_0fb45048ee50,p_4dc4ecc133d9,same_group,1.00,,Shared group: Algorithms and Complexity Group
p_0fb45048ee50,p_4fc01d6873af,same_group,1.00,,Shared group: Algorithms and Complexity Group
p_0fb45048ee50,p_57e81a33799a,same_group,1.00,,Shared group: Algorithms and Complexity Group
p_0fb45048ee50,p_5ba48ee11139,same_group,1.00,,Shared group: Algorithms and Complexity Group
p_0fb45048ee50,p_6b040c1875f9,same_group,1.00,,Shared group: Algorithms and Complexity Group
p_0fb45048ee50,p_77cacdbdd3f6,same_group,1.00,,Shared group: Algorithms and Complexity Group
p_0fb45048ee50,p_7875be5ed0ba,same_group,1.00,,Shared group: Algorithms and Complexity Group
p_0fb45048ee50,p_809af1dac0a0,same_group,1.00,,Shared group: Algorithms and Complexity Group
p_0fb45048ee50,p_83c0e77cd9b3,same_group,1.00,,Shared group: Algorithms and Complexity Group
p_0fb45048ee50,p_8a50c5542f0a,same_group,1.00,,Shared group: Algorithms and Complexity Group
p_0fb45048ee50,p_92f17fe87fab,same_group,1.00,,Shared group: Algorithms and Complexity Group
p_0fb45048ee50,p_96c3dfdf7ef9,same_group,1.00,,Shared group: Algorithms and Complexity Group
p_0fb45048ee50,p_98110fe30104,same_group,1.00,,Shared group: Algorithms and Complexity Group
p_0fb45048ee50,p_98cd99958f30,same_group,1.00,,Shared group: Algorithms and Complexity Group
p_0fb45048ee50,p_9bbf7296597f,same_group,1.00,,Shared group: Algorithms and Complexity Group
p_0fb45048ee50,p_9d16806563dc,same_group,1.00,,Shared group: Algorithms and Complexity Group
p_0fb45048ee50,p_a3572a58b762,same_group,1.00,,Shared group: Algorithms and Complexity Group
p_0fb45048ee50,p_a41459cdd768,same_group,1.00,,Shared group: Algorithms and Complexity Group
p_0fb45048ee50,p_a94928a1c583,same_group,1.00,,Shared group: Algorithms and Complexity Group
p_0fb45048ee50,p_ad6993f05ccc,same_group,1.00,,Shared group: Algorithms and Complexity Group
p_0fb45048ee50,p_b3a0f268994f,same_group,1.00,,Shared group: Algorithms and Complexity Group
p_0fb45048ee50,p_b6f5c5402d18,same_group,1.00,,Shared group: Algorithms and Complexity Group
p_0fb45048ee50,p_b7d7331a7460,same_group,1.00,,Shared group: Algorithms and Complexity Group
p_0fb45048ee50,p_bc88d0286909,same_group,1.00,,Shared group: Algorithms and Complexity Group
p_0fb45048ee50,p_bdf69ab58730,same_group,1.00,,Shared group: Algorithms and Complexity Group
p_0fb45048ee50,p_c28424c7cff8,same_group,1.00,,Shared group: Algorithms and Complexity Group
p_0fb45048ee50,p_c4e79a8aedca,same_group,1.00,,Shared group: Algorithms and Complexity Group
p_0fb45048ee50,p_c8b99d53c18a,same_group,1.00,,Shared group: Algorithms and Complexity Group
p_0fb45048ee50,p_ca1dc2eed7f6,same_group,1.00,,Shared group: Algorithms and Complexity Group
p_0fb45048ee50,p_ca4a99f213dc,same_group,1.00,,Shared group: Algorithms and Complexity Group
p_0fb45048ee50,p_cc44e04be967,same_group,1.00,,Shared group: Algorithms and Complexity Group
p_0fb45048ee50,p_d48e4ef31772,same_group,1.00,,Shared group: Algorithms and Complexity Group
p_0fb45048ee50,p_d54412518e1d,same_group,1.00,,Shared group: Algorithms and Complexity Group
p_0fb45048ee50,p_d59111e0cf6d,same_group,1.00,,Shared group: Algorithms and Complexity Group
p_0fb45048ee50,p_d6acc5297b85,same_group,1.00,,Shared group: Algorithms and Complexity Group
p_0fb45048ee50,p_d96513056fad,same_group,1.00,,Shared group: Algorithms and Complexity Group
p_0fb45048ee50,p_d979c0609bb0,same_group,1.00,,Shared group: Algorithms and Complexity Group
p_0fb45048ee50,p_e3bdbee9f327,same_group,1.00,,Shared group: Algorithms and Complexity Group
p_0fb45048ee50,p_f0796af1f964,same_group,1.00,,Shared group: Algorithms and Complexity Group
p_0fb45048ee50,p_f5aae7a1da7f,same_group,1.00,,Shared group: Algorithms and Complexity Group
p_0fb45048ee50,p_f69c45a1adca,same_group,1.00,,Shared group: Algorithms and Complexity Group
p_0fb45048ee50,p_f6ca4ba0d6a3,same_group,1.00,,Shared group: Algorithms and Complexity Group
p_0fb45048ee50,p_f91fbfeafc03,same_group,1.00,,Shared group: Algorithms and Complexity Group
p_0fb45048ee50,p_f9a0dfb82f0c,same_group,1.00,,Shared group: Algorithms and Complexity Group
p_0fb45048ee50,p_faf0432d7287,same_group,1.00,,Shared group: Algorithms and Complexity Group
p_0fb45048ee50,p_faf72768d249,same_group,1.00,,Shared group: Algorithms and Complexity Group
p_0fb45048ee50,p_fc085ff11435,same_group,1.00,,Shared group: Algorithms and Complexity Group
p_0fb45048ee50,p_fe4fedd24693,same_group,1.00,,Shared group: Algorithms and Complexity Group
p_18841830cbeb,p_1f09b5d32cdd,same_group,1.00,,Shared group: Algorithms and Complexity Group
p_18841830cbeb,p_21213f62ac00,same_group,1.00,,Shared group: Algorithms and Complexity Group
p_18841830cbeb,p_2509f720aa30,same_group,1.00,,Shared group: Algorithms and Complexity Group
p_18841830cbeb,p_27b513013d06,same_group,1.00,,Shared group: Algorithms and Complexity Group
p_18841830cbeb,p_2e603dc1c71c,same_group,1.00,,Shared group: Algorithms and Complexity Group
p_18841830cbeb,p_37743812e7b8,same_group,1.00,,Shared group: Algorithms and Complexity Group
p_18841830cbeb,p_38c8b73d6a2b,same_group,1.00,,Shared group: Algorithms and Complexity Group
p_18841830cbeb,p_42e2f5bb234f,same_group,1.00,,Shared group: Algorithms and Complexity Group
p_18841830cbeb,p_474b99321c8e,same_group,1.00,,Shared group: Algorithms and Complexity Group
p_18841830cbeb,p_498e29fa4608,same_group,1.00,,Shared group: Algorithms and Complexity Group
p_18841830cbeb,p_4cab06668830,same_group,1.00,,Shared group: Algorithms and Complexity Group
p_18841830cbeb,p_4cc6a124d188,same_group,1.00,,Shared group: Algorithms and Complexity Group
p_18841830cbeb,p_4dc4ecc133d9,same_group,1.00,,Shared group: Algorithms and Complexity Group
p_18841830cbeb,p_4fc01d6873af,same_group,1.00,,Shared group: Algorithms and Complexity Group
p_18841830cbeb,p_57e81a33799a,same_group,1.00,,Shared group: Algorithms and Complexity Group
p_18841830cbeb,p_5ba48ee11139,same_group,1.00,,Shared group: Algorithms and Complexity Group
p_18841830cbeb,p_6b040c1875f9,same_group,1.00,,Shared group: Algorithms and Complexity Group
p_18841830cbeb,p_77cacdbdd3f6,same_group,1.00,,Shared group: Algorithms and Complexity Group
p_18841830cbeb,p_7875be5ed0ba,same_group,1.00,,Shared group: Algorithms and Complexity Group
p_18841830cbeb,p_809af1dac0a0,same_group,1.00,,Shared group: Algorithms and Complexity Group
p_18841830cbeb,p_83c0e77cd9b3,same_group,1.00,,Shared group: Algorithms and Complexity Group
p_18841830cbeb,p_8a50c5542f0a,same_group,1.00,,Shared group: Algorithms and Complexity Group
p_18841830cbeb,p_92f17fe87fab,same_group,1.00,,Shared group: Algorithms and Complexity Group
p_18841830cbeb,p_96c3dfdf7ef9,same_group,1.00,,Shared group: Algorithms and Complexity Group
p_18841830cbeb,p_98110fe30104,same_group,1.00,,Shared group: Algorithms and Complexity Group
p_18841830cbeb,p_98cd99958f30,same_group,1.00,,Shared group: Algorithms and Complexity Group
p_18841830cbeb,p_9bbf7296597f,same_group,1.00,,Shared group: Algorithms and Complexity Group
p_18841830cbeb,p_9d16806563dc,same_group,1.00,,Shared group: Algorithms and Complexity Group
p_18841830cbeb,p_a3572a58b762,same_group,1.00,,Shared group: Algorithms and Complexity Group
p_18841830cbeb,p_a41459cdd768,same_group,1.00,,Shared group: Algorithms and Complexity Group
p_18841830cbeb,p_a94928a1c583,same_group,1.00,,Shared group: Algorithms and Complexity Group
p_18841830cbeb,p_ad6993f05ccc,same_group,1.00,,Shared group: Algorithms and Complexity Group
p_18841830cbeb,p_b3a0f268994f,same_group,1.00,,Shared group: Algorithms and Complexity Group
p_18841830cbeb,p_b6f5c5402d18,same_group,1.00,,Shared group: Algorithms and Complexity Group
p_18841830cbeb,p_b7d7331a7460,same_group,1.00,,Shared group: Algorithms and Complexity Group
p_18841830cbeb,p_bc88d0286909,same_group,1.00,,Shared group: Algorithms and Complexity Group
p_18841830cbeb,p_bdf69ab58730,same_group,1.00,,Shared group: Algorithms and Complexity Group
p_18841830cbeb,p_c28424c7cff8,same_group,1.00,,Shared group: Algorithms and Complexity Group
p_18841830cbeb,p_c4e79a8aedca,same_group,1.00,,Shared group: Algorithms and Complexity Group
p_18841830cbeb,p_c8b99d53c18a,same_group,1.00,,Shared group: Algorithms and Complexity Group
p_18841830cbeb,p_ca1dc2eed7f6,same_group,1.00,,Shared group: Algorithms and Complexity Group
p_18841830cbeb,p_ca4a99f213dc,same_group,1.00,,Shared group: Algorithms and Complexity Group
p_18841830cbeb,p_cc44e04be967,same_group,1.00,,Shared group: Algorithms and Complexity Group
p_18841830cbeb,p_d48e4ef31772,same_group,1.00,,Shared group: Algorithms and Complexity Group
p_18841830cbeb,p_d54412518e1d,same_group,1.00,,Shared group: Algorithms and Complexity Group
p_18841830cbeb,p_d59111e0cf6d,same_group,1.00,,Shared group: Algorithms and Complexity Group
p_18841830cbeb,p_d6acc5297b85,same_group,1.00,,Shared group: Algorithms and Complexity Group
p_18841830cbeb,p_d96513056fad,same_group,1.00,,Shared group: Algorithms and Complexity Group
p_18841830cbeb,p_d979c0609bb0,same_group,1.00,,Shared group: Algorithms and Complexity Group
p_18841830cbeb,p_e3bdbee9f327,same_group,1.00,,Shared group: Algorithms and Complexity Group
p_18841830cbeb,p_f0796af1f964,same_group,1.00,,Shared group: Algorithms and Complexity Group
p_18841830cbeb,p_f5aae7a1da7f,same_group,1.00,,Shared group: Algorithms and Complexity Group
p_18841830cbeb,p_f69c45a1adca,same_group,1.00,,Shared group: Algorithms and Complexity Group
p_18841830cbeb,p_f6ca4ba0d6a3,same_group,1.00,,Shared group: Algorithms and Complexity Group
p_18841830cbeb,p_f91fbfeafc03,same_group,1.00,,Shared group: Algorithms and Complexity Group
p_18841830cbeb,p_f9a0dfb82f0c,same_group,1.00,,Shared group: Algorithms and Complexity Group
p_18841830cbeb,p_faf0432d7287,same_group,1.00,,Shared group: Algorithms and Complexity Group
p_18841830cbeb,p_faf72768d249,same_group,1.00,,Shared group: Algorithms and Complexity Group
p_18841830cbeb,p_fc085ff11435,same_group,1.00,,Shared group: Algorithms and Complexity Group
p_18841830cbeb,p_fe4fedd24693,same_group,1.00,,Shared group: Algorithms and Complexity Group
p_1f09b5d32cdd,p_21213f62ac00,same_group,1.00,,Shared group: Algorithms and Complexity Group
p_1f09b5d32cdd,p_2509f720aa30,same_group,1.00,,Shared group: Algorithms and Complexity Group
p_1f09b5d32cdd,p_27b513013d06,same_group,1.00,,Shared group: Algorithms and Complexity Group
p_1f09b5d32cdd,p_2e603dc1c71c,same_group,1.00,,Shared group: Algorithms and Complexity Group
p_1f09b5d32cdd,p_37743812e7b8,same_group,1.00,,Shared group: Algorithms and Complexity Group
p_1f09b5d32cdd,p_38c8b73d6a2b,same_group,1.00,,Shared group: Algorithms and Complexity Group
p_1f09b5d32cdd,p_42e2f5bb234f,same_group,1.00,,Shared group: Algorithms and Complexity Group
p_1f09b5d32cdd,p_474b99321c8e,same_group,1.00,,Shared group: Algorithms and Complexity Group
p_1f09b5d32cdd,p_498e29fa4608,same_group,1.00,,Shared group: Algorithms and Complexity Group
p_1f09b5d32cdd,p_4cab06668830,same_group,1.00,,Shared group: Algorithms and Complexity Group
p_1f09b5d32cdd,p_4cc6a124d188,same_group,1.00,,Shared group: Algorithms and Complexity Group
p_1f09b5d32cdd,p_4dc4ecc133d9,same_group,1.00,,Shared group: Algorithms and Complexity Group
p_1f09b5d32cdd,p_4fc01d6873af,same_group,1.00,,Shared group: Algorithms and Complexity Group
p_1f09b5d32cdd,p_57e81a33799a,same_group,1.00,,Shared group: Algorithms and Complexity Group
p_1f09b5d32cdd,p_5ba48ee11139,same_group,1.00,,Shared group: Algorithms and Complexity Group
p_1f09b5d32cdd,p_6b040c1875f9,same_group,1.00,,Shared group: Algorithms and Complexity Group
p_1f09b5d32cdd,p_77cacdbdd3f6,same_group,1.00,,Shared group: Algorithms and Complexity Group
p_1f09b5d32cdd,p_7875be5ed0ba,same_group,1.00,,Shared group: Algorithms and Complexity Group
p_1f09b5d32cdd,p_809af1dac0a0,same_group,1.00,,Shared group: Algorithms and Complexity Group
p_1f09b5d32cdd,p_83c0e77cd9b3,same_group,1.00,,Shared group: Algorithms and Complexity Group
p_1f09b5d32cdd,p_8a50c5542f0a,same_group,1.00,,Shared group: Algorithms and Complexity Group
p_1f09b5d32cdd,p_92f17fe87fab,same_group,1.00,,Shared group: Algorithms and Complexity Group
p_1f09b5d32cdd,p_96c3dfdf7ef9,same_group,1.00,,Shared group: Algorithms and Complexity Group
p_1f09b5d32cdd,p_98110fe30104,same_group,1.00,,Shared group: Algorithms and Complexity Group
p_1f09b5d32cdd,p_98cd99958f30,same_group,1.00,,Shared group: Algorithms and Complexity Group
p_1f09b5d32cdd,p_9bbf7296597f,same_group,1.00,,Shared group: Algorithms and Complexity Group
p_1f09b5d32cdd,p_9d16806563dc,same_group,1.00,,Shared group: Algorithms and Complexity Group
p_1f09b5d32cdd,p_a3572a58b762,same_group,1.00,,Shared group: Algorithms and Complexity Group
p_1f09b5d32cdd,p_a41459cdd768,same_group,1.00,,Shared group: Algorithms and Complexity Group
p_1f09b5d32cdd,p_a94928a1c583,same_group,1.00,,Shared group: Algorithms and Complexity Group
p_1f09b5d32cdd,p_ad6993f05ccc,same_group,1.00,,Shared group: Algorithms and Complexity Group
p_1f09b5d32cdd,p_b3a0f268994f,same_group,1.00,,Shared group: Algorithms and Complexity Group
p_1f09b5d32cdd,p_b6f5c5402d18,same_group,1.00,,Shared group: Algorithms and Complexity Group
p_1f09b5d32cdd,p_b7d7331a7460,same_group,1.00,,Shared group: Algorithms and Complexity Group
p_1f09b5d32cdd,p_bc88d0286909,same_group,1.00,,Shared group: Algorithms and Complexity Group
p_1f09b5d32cdd,p_bdf69ab58730,same_group,1.00,,Shared group: Algorithms and Complexity Group
p_1f09b5d32cdd,p_c28424c7cff8,same_group,1.00,,Shared group: Algorithms and Complexity Group
p_1f09b5d32cdd,p_c4e79a8aedca,same_group,1.00,,Shared group: Algorithms and Complexity Group
p_1f09b5d32cdd,p_c8b99d53c18a,same_group,1.00,,Shared group: Algorithms and Complexity Group
p_1f09b5d32cdd,p_ca1dc2eed7f6,same_group,1.00,,Shared group: Algorithms and Complexity Group
p_1f09b5d32cdd,p_ca4a99f213dc,same_group,1.00,,Shared group: Algorithms and Complexity Group
p_1f09b5d32cdd,p_cc44e04be967,same_group,1.00,,Shared group: Algorithms and Complexity Group
p_1f09b5d32cdd,p_d48e4ef31772,same_group,1.00,,Shared group: Algorithms and Complexity Group
p_1f09b5d32cdd,p_d54412518e1d,same_group,1.00,,Shared group: Algorithms and Complexity Group
p_1f09b5d32cdd,p_d59111e0cf6d,same_group,1.00,,Shared group: Algorithms and Complexity Group
p_1f09b5d32cdd,p_d6acc5297b85,same_group,1.00,,Shared group: Algorithms and Complexity Group
p_1f09b5d32cdd,p_d96513056fad,same_group,1.00,,Shared group: Algorithms and Complexity Group
p_1f09b5d32cdd,p_d979c0609bb0,same_group,1.00,,Shared group: Algorithms and Complexity Group
p_1f09b5d32cdd,p_e3bdbee9f327,same_group,1.00,,Shared group: Algorithms and Complexity Group
p_1f09b5d32cdd,p_f0796af1f964,same_group,1.00,,Shared group: Algorithms and Complexity Group
p_1f09b5d32cdd,p_f5aae7a1da7f,same_group,1.00,,Shared group: Algorithms and Complexity Group
p_1f09b5d32cdd,p_f69c45a1adca,same_group,1.00,,Shared group: Algorithms and Complexity Group
p_1f09b5d32cdd,p_f6ca4ba0d6a3,same_group,1.00,,Shared group: Algorithms and Complexity Group
p_1f09b5d32cdd,p_f91fbfeafc03,same_group,1.00,,Shared group: Algorithms and Complexity Group
p_1f09b5d32cdd,p_f9a0dfb82f0c,same_group,1.00,,Shared group: Algorithms and Complexity Group
p_1f09b5d32cdd,p_faf0432d7287,same_group,1.00,,Shared group: Algorithms and Complexity Group
p_1f09b5d32cdd,p_faf72768d249,same_group,1.00,,Shared group: Algorithms and Complexity Group
p_1f09b5d32cdd,p_fc085ff11435,same_group,1.00,,Shared group: Algorithms and Complexity Group
p_1f09b5d32cdd,p_fe4fedd24693,same_group,1.00,,Shared group: Algorithms and Complexity Group
p_21213f62ac00,p_2509f720aa30,same_group,1.00,,Shared group: Algorithms and Complexity Group
p_21213f62ac00,p_27b513013d06,same_group,1.00,,Shared group: Algorithms and Complexity Group
p_21213f62ac00,p_2e603dc1c71c,same_group,1.00,,Shared group: Algorithms and Complexity Group
p_21213f62ac00,p_37743812e7b8,same_group,1.00,,Shared group: Algorithms and Complexity Group
p_21213f62ac00,p_38c8b73d6a2b,same_group,1.00,,Shared group: Algorithms and Complexity Group
p_21213f62ac00,p_42e2f5bb234f,same_group,1.00,,Shared group: Algorithms and Complexity Group
p_21213f62ac00,p_474b99321c8e,same_group,1.00,,Shared group: Algorithms and Complexity Group
p_21213f62ac00,p_498e29fa4608,same_group,1.00,,Shared group: Algorithms and Complexity Group
p_21213f62ac00,p_4cab06668830,same_group,1.00,,Shared group: Algorithms and Complexity Group
p_21213f62ac00,p_4cc6a124d188,same_group,1.00,,Shared group: Algorithms and Complexity Group
p_21213f62ac00,p_4dc4ecc133d9,same_group,1.00,,Shared group: Algorithms and Complexity Group
p_21213f62ac00,p_4fc01d6873af,same_group,1.00,,Shared group: Algorithms and Complexity Group
p_21213f62ac00,p_57e81a33799a,same_group,1.00,,Shared group: Algorithms and Complexity Group
p_21213f62ac00,p_5ba48ee11139,same_group,1.00,,Shared group: Algorithms and Complexity Group
p_21213f62ac00,p_6b040c1875f9,same_group,1.00,,Shared group: Algorithms and Complexity Group
p_21213f62ac00,p_77cacdbdd3f6,same_group,1.00,,Shared group: Algorithms and Complexity Group
p_21213f62ac00,p_7875be5ed0ba,same_group,1.00,,Shared group: Algorithms and Complexity Group
p_21213f62ac00,p_809af1dac0a0,same_group,1.00,,Shared group: Algorithms and Complexity Group
p_21213f62ac00,p_83c0e77cd9b3,same_group,1.00,,Shared group: Algorithms and Complexity Group
p_21213f62ac00,p_8a50c5542f0a,same_group,1.00,,Shared group: Algorithms and Complexity Group
p_21213f62ac00,p_92f17fe87fab,same_group,1.00,,Shared group: Algorithms and Complexity Group
p_21213f62ac00,p_96c3dfdf7ef9,same_group,1.00,,Shared group: Algorithms and Complexity Group
p_21213f62ac00,p_98110fe30104,same_group,1.00,,Shared group: Algorithms and Complexity Group
p_21213f62ac00,p_98cd99958f30,same_group,1.00,,Shared group: Algorithms and Complexity Group
p_21213f62ac00,p_9bbf7296597f,same_group,1.00,,Shared group: Algorithms and Complexity Group
p_21213f62ac00,p_9d16806563dc,same_group,1.00,,Shared group: Algorithms and Complexity Group
p_21213f62ac00,p_a3572a58b762,same_group,1.00,,Shared group: Algorithms and Complexity Group
p_21213f62ac00,p_a41459cdd768,same_group,1.00,,Shared group: Algorithms and Complexity Group
p_21213f62ac00,p_a94928a1c583,same_group,1.00,,Shared group: Algorithms and Complexity Group
p_21213f62ac00,p_ad6993f05ccc,same_group,1.00,,Shared group: Algorithms and Complexity Group
p_21213f62ac00,p_b3a0f268994f,same_group,1.00,,Shared group: Algorithms and Complexity Group
p_21213f62ac00,p_b6f5c5402d18,same_group,1.00,,Shared group: Algorithms and Complexity Group
p_21213f62ac00,p_b7d7331a7460,same_group,1.00,,Shared group: Algorithms and Complexity Group
p_21213f62ac00,p_bc88d0286909,same_group,1.00,,Shared group: Algorithms and Complexity Group
p_21213f62ac00,p_bdf69ab58730,same_group,1.00,,Shared group: Algorithms and Complexity Group
p_21213f62ac00,p_c28424c7cff8,same_group,1.00,,Shared group: Algorithms and Complexity Group
p_21213f62ac00,p_c4e79a8aedca,same_group,1.00,,Shared group: Algorithms and Complexity Group
p_21213f62ac00,p_c8b99d53c18a,same_group,1.00,,Shared group: Algorithms and Complexity Group
p_21213f62ac00,p_ca1dc2eed7f6,same_group,1.00,,Shared group: Algorithms and Complexity Group
p_21213f62ac00,p_ca4a99f213dc,same_group,1.00,,Shared group: Algorithms and Complexity Group
p_21213f62ac00,p_cc44e04be967,same_group,1.00,,Shared group: Algorithms and Complexity Group
p_21213f62ac00,p_d48e4ef31772,same_group,1.00,,Shared group: Algorithms and Complexity Group
p_21213f62ac00,p_d54412518e1d,same_group,1.00,,Shared group: Algorithms and Complexity Group
p_21213f62ac00,p_d59111e0cf6d,same_group,1.00,,Shared group: Algorithms and Complexity Group
p_21213f62ac00,p_d6acc5297b85,same_group,1.00,,Shared group: Algorithms and Complexity Group
p_21213f62ac00,p_d96513056fad,same_group,1.00,,Shared group: Algorithms and Complexity Group
p_21213f62ac00,p_d979c0609bb0,same_group,1.00,,Shared group: Algorithms and Complexity Group
p_21213f62ac00,p_e3bdbee9f327,same_group,1.00,,Shared group: Algorithms and Complexity Group
p_21213f62ac00,p_f0796af1f964,same_group,1.00,,Shared group: Algorithms and Complexity Group
p_21213f62ac00,p_f5aae7a1da7f,same_group,1.00,,Shared group: Algorithms and Complexity Group
p_21213f62ac00,p_f69c45a1adca,same_group,1.00,,Shared group: Algorithms and Complexity Group
p_21213f62ac00,p_f6ca4ba0d6a3,same_group,1.00,,Shared group: Algorithms and Complexity Group
p_21213f62ac00,p_f91fbfeafc03,same_group,1.00,,Shared group: Algorithms and Complexity Group
p_21213f62ac00,p_f9a0dfb82f0c,same_group,1.00,,Shared group: Algorithms and Complexity Group
p_21213f62ac00,p_faf0432d7287,same_group,1.00,,Shared group: Algorithms and Complexity Group
p_21213f62ac00,p_faf72768d249,same_group,1.00,,Shared group: Algorithms and Complexity Group
p_21213f62ac00,p_fc085ff11435,same_group,1.00,,Shared group: Algorithms and Complexity Group
p_21213f62ac00,p_fe4fedd24693,same_group,1.00,,Shared group: Algorithms and Complexity Group
p_2509f720aa30,p_27b513013d06,same_group,1.00,,Shared group: Algorithms and Complexity Group
p_2509f720aa30,p_2e603dc1c71c,same_group,1.00,,Shared group: Algorithms and Complexity Group
p_2509f720aa30,p_37743812e7b8,same_group,1.00,,Shared group: Algorithms and Complexity Group
p_2509f720aa30,p_38c8b73d6a2b,same_group,1.00,,Shared group: Algorithms and Complexity Group
p_2509f720aa30,p_42e2f5bb234f,same_group,1.00,,Shared group: Algorithms and Complexity Group
p_2509f720aa30,p_474b99321c8e,same_group,1.00,,Shared group: Algorithms and Complexity Group
p_2509f720aa30,p_498e29fa4608,same_group,1.00,,Shared group: Algorithms and Complexity Group
p_2509f720aa30,p_4cab06668830,same_group,1.00,,Shared group: Algorithms and Complexity Group
p_2509f720aa30,p_4cc6a124d188,same_group,1.00,,Shared group: Algorithms and Complexity Group
p_2509f720aa30,p_4dc4ecc133d9,same_group,1.00,,Shared group: Algorithms and Complexity Group
p_2509f720aa30,p_4fc01d6873af,same_group,1.00,,Shared group: Algorithms and Complexity Group
p_2509f720aa30,p_57e81a33799a,same_group,1.00,,Shared group: Algorithms and Complexity Group
p_2509f720aa30,p_5ba48ee11139,same_group,1.00,,Shared group: Algorithms and Complexity Group
p_2509f720aa30,p_6b040c1875f9,same_group,1.00,,Shared group: Algorithms and Complexity Group
p_2509f720aa30,p_77cacdbdd3f6,same_group,1.00,,Shared group: Algorithms and Complexity Group
p_2509f720aa30,p_7875be5ed0ba,same_group,1.00,,Shared group: Algorithms and Complexity Group
p_2509f720aa30,p_809af1dac0a0,same_group,1.00,,Shared group: Algorithms and Complexity Group
p_2509f720aa30,p_83c0e77cd9b3,same_group,1.00,,Shared group: Algorithms and Complexity Group
p_2509f720aa30,p_8a50c5542f0a,same_group,1.00,,Shared group: Algorithms and Complexity Group
p_2509f720aa30,p_92f17fe87fab,same_group,1.00,,Shared group: Algorithms and Complexity Group
p_2509f720aa30,p_96c3dfdf7ef9,same_group,1.00,,Shared group: Algorithms and Complexity Group
p_2509f720aa30,p_98110fe30104,same_group,1.00,,Shared group: Algorithms and Complexity Group
p_2509f720aa30,p_98cd99958f30,same_group,1.00,,Shared group: Algorithms and Complexity Group
p_2509f720aa30,p_9bbf7296597f,same_group,1.00,,Shared group: Algorithms and Complexity Group
p_2509f720aa30,p_9d16806563dc,same_group,1.00,,Shared group: Algorithms and Complexity Group
p_2509f720aa30,p_a3572a58b762,same_group,1.00,,Shared group: Algorithms and Complexity Group
p_2509f720aa30,p_a41459cdd768,same_group,1.00,,Shared group: Algorithms and Complexity Group
p_2509f720aa30,p_a94928a1c583,same_group,1.00,,Shared group: Algorithms and Complexity Group
p_2509f720aa30,p_ad6993f05ccc,same_group,1.00,,Shared group: Algorithms and Complexity Group
p_2509f720aa30,p_b3a0f268994f,same_group,1.00,,Shared group: Algorithms and Complexity Group
p_2509f720aa30,p_b6f5c5402d18,same_group,1.00,,Shared group: Algorithms and Complexity Group
p_2509f720aa30,p_b7d7331a7460,same_group,1.00,,Shared group: Algorithms and Complexity Group
p_2509f720aa30,p_bc88d0286909,same_group,1.00,,Shared group: Algorithms and Complexity Group
p_2509f720aa30,p_bdf69ab58730,same_group,1.00,,Shared group: Algorithms and Complexity Group
p_2509f720aa30,p_c28424c7cff8,same_group,1.00,,Shared group: Algorithms and Complexity Group
p_2509f720aa30,p_c4e79a8aedca,same_group,1.00,,Shared group: Algorithms and Complexity Group
p_2509f720aa30,p_c8b99d53c18a,same_group,1.00,,Shared group: Algorithms and Complexity Group
p_2509f720aa30,p_ca1dc2eed7f6,same_group,1.00,,Shared group: Algorithms and Complexity Group
p_2509f720aa30,p_ca4a99f213dc,same_group,1.00,,Shared group: Algorithms and Complexity Group
p_2509f720aa30,p_cc44e04be967,same_group,1.00,,Shared group: Algorithms and Complexity Group
p_2509f720aa30,p_d48e4ef31772,same_group,1.00,,Shared group: Algorithms and Complexity Group
p_2509f720aa30,p_d54412518e1d,same_group,1.00,,Shared group: Algorithms and Complexity Group
p_2509f720aa30,p_d59111e0cf6d,same_group,1.00,,Shared group: Algorithms and Complexity Group
p_2509f720aa30,p_d6acc5297b85,same_group,1.00,,Shared group: Algorithms and Complexity Group
p_2509f720aa30,p_d96513056fad,same_group,1.00,,Shared group: Algorithms and Complexity Group
p_2509f720aa30,p_d979c0609bb0,same_group,1.00,,Shared group: Algorithms and Complexity Group
p_2509f720aa30,p_e3bdbee9f327,same_group,1.00,,Shared group: Algorithms and Complexity Group
p_2509f720aa30,p_f0796af1f964,same_group,1.00,,Shared group: Algorithms and Complexity Group
p_2509f720aa30,p_f5aae7a1da7f,same_group,1.00,,Shared group: Algorithms and Complexity Group
p_2509f720aa30,p_f69c45a1adca,same_group,1.00,,Shared group: Algorithms and Complexity Group
p_2509f720aa30,p_f6ca4ba0d6a3,same_group,1.00,,Shared group: Algorithms and Complexity Group
p_2509f720aa30,p_f91fbfeafc03,same_group,1.00,,Shared group: Algorithms and Complexity Group
p_2509f720aa30,p_f9a0dfb82f0c,same_group,1.00,,Shared group: Algorithms and Complexity Group
p_2509f720aa30,p_faf0432d7287,same_group,1.00,,Shared group: Algorithms and Complexity Group
p_2509f720aa30,p_faf72768d249,same_group,1.00,,Shared group: Algorithms and Complexity Group
p_2509f720aa30,p_fc085ff11435,same_group,1.00,,Shared group: Algorithms and Complexity Group
p_2509f720aa30,p_fe4fedd24693,same_group,1.00,,Shared group: Algorithms and Complexity Group
p_27b513013d06,p_2e603dc1c71c,same_group,1.00,,Shared group: Algorithms and Complexity Group
p_27b513013d06,p_37743812e7b8,same_group,1.00,,Shared group: Algorithms and Complexity Group
p_27b513013d06,p_38c8b73d6a2b,same_group,1.00,,Shared group: Algorithms and Complexity Group
p_27b513013d06,p_42e2f5bb234f,same_group,1.00,,Shared group: Algorithms and Complexity Group
p_27b513013d06,p_474b99321c8e,same_group,1.00,,Shared group: Algorithms and Complexity Group
p_27b513013d06,p_498e29fa4608,same_group,1.00,,Shared group: Algorithms and Complexity Group
p_27b513013d06,p_4cab06668830,same_group,1.00,,Shared group: Algorithms and Complexity Group
p_27b513013d06,p_4cc6a124d188,same_group,1.00,,Shared group: Algorithms and Complexity Group
p_27b513013d06,p_4dc4ecc133d9,same_group,1.00,,Shared group: Algorithms and Complexity Group
p_27b513013d06,p_4fc01d6873af,same_group,1.00,,Shared group: Algorithms and Complexity Group
p_27b513013d06,p_57e81a33799a,same_group,1.00,,Shared group: Algorithms and Complexity Group
p_27b513013d06,p_5ba48ee11139,same_group,1.00,,Shared group: Algorithms and Complexity Group
p_27b513013d06,p_6b040c1875f9,same_group,1.00,,Shared group: Algorithms and Complexity Group
p_27b513013d06,p_77cacdbdd3f6,same_group,1.00,,Shared group: Algorithms and Complexity Group
p_27b513013d06,p_7875be5ed0ba,same_group,1.00,,Shared group: Algorithms and Complexity Group
p_27b513013d06,p_809af1dac0a0,same_group,1.00,,Shared group: Algorithms and Complexity Group
p_27b513013d06,p_83c0e77cd9b3,same_group,1.00,,Shared group: Algorithms and Complexity Group
p_27b513013d06,p_8a50c5542f0a,same_group,1.00,,Shared group: Algorithms and Complexity Group
p_27b513013d06,p_92f17fe87fab,same_group,1.00,,Shared group: Algorithms and Complexity Group
p_27b513013d06,p_96c3dfdf7ef9,same_group,1.00,,Shared group: Algorithms and Complexity Group
p_27b513013d06,p_98110fe30104,same_group,1.00,,Shared group: Algorithms and Complexity Group
p_27b513013d06,p_98cd99958f30,same_group,1.00,,Shared group: Algorithms and Complexity Group
p_27b513013d06,p_9bbf7296597f,same_group,1.00,,Shared group: Algorithms and Complexity Group
p_27b513013d06,p_9d16806563dc,same_group,1.00,,Shared group: Algorithms and Complexity Group
p_27b513013d06,p_a3572a58b762,same_group,1.00,,Shared group: Algorithms and Complexity Group
p_27b513013d06,p_a41459cdd768,same_group,1.00,,Shared group: Algorithms and Complexity Group
p_27b513013d06,p_a94928a1c583,same_group,1.00,,Shared group: Algorithms and Complexity Group
p_27b513013d06,p_ad6993f05ccc,same_group,1.00,,Shared group: Algorithms and Complexity Group
p_27b513013d06,p_b3a0f268994f,same_group,1.00,,Shared group: Algorithms and Complexity Group
p_27b513013d06,p_b6f5c5402d18,same_group,1.00,,Shared group: Algorithms and Complexity Group
p_27b513013d06,p_b7d7331a7460,same_group,1.00,,Shared group: Algorithms and Complexity Group
p_27b513013d06,p_bc88d0286909,same_group,1.00,,Shared group: Algorithms and Complexity Group
p_27b513013d06,p_bdf69ab58730,same_group,1.00,,Shared group: Algorithms and Complexity Group
p_27b513013d06,p_c28424c7cff8,same_group,1.00,,Shared group: Algorithms and Complexity Group
p_27b513013d06,p_c4e79a8aedca,same_group,1.00,,Shared group: Algorithms and Complexity Group
p_27b513013d06,p_c8b99d53c18a,same_group,1.00,,Shared group: Algorithms and Complexity Group
p_27b513013d06,p_ca1dc2eed7f6,same_group,1.00,,Shared group: Algorithms and Complexity Group
p_27b513013d06,p_ca4a99f213dc,same_group,1.00,,Shared group: Algorithms and Complexity Group
p_27b513013d06,p_cc44e04be967,same_group,1.00,,Shared group: Algorithms and Complexity Group
p_27b513013d06,p_d48e4ef31772,same_group,1.00,,Shared group: Algorithms and Complexity Group
p_27b513013d06,p_d54412518e1d,same_group,1.00,,Shared group: Algorithms and Complexity Group
p_27b513013d06,p_d59111e0cf6d,same_group,1.00,,Shared group: Algorithms and Complexity Group
p_27b513013d06,p_d6acc5297b85,same_group,1.00,,Shared group: Algorithms and Complexity Group
p_27b513013d06,p_d96513056fad,same_group,1.00,,Shared group: Algorithms and Complexity Group
p_27b513013d06,p_d979c0609bb0,same_group,1.00,,Shared group: Algorithms and Complexity Group
p_27b513013d06,p_e3bdbee9f327,same_group,1.00,,Shared group: Algorithms and Complexity Group
p_27b513013d06,p_f0796af1f964,same_group,1.00,,Shared group: Algorithms and Complexity Group
p_27b513013d06,p_f5aae7a1da7f,same_group,1.00,,Shared group: Algorithms and Complexity Group
p_27b513013d06,p_f69c45a1adca,same_group,1.00,,Shared group: Algorithms and Complexity Group
p_27b513013d06,p_f6ca4ba0d6a3,same_group,1.00,,Shared group: Algorithms and Complexity Group
p_27b513013d06,p_f91fbfeafc03,same_group,1.00,,Shared group: Algorithms and Complexity Group
p_27b513013d06,p_f9a0dfb82f0c,same_group,1.00,,Shared group: Algorithms and Complexity Group
p_27b513013d06,p_faf0432d7287,same_group,1.00,,Shared group: Algorithms and Complexity Group
p_27b513013d06,p_faf72768d249,same_group,1.00,,Shared group: Algorithms and Complexity Group
p_27b513013d06,p_fc085ff11435,same_group,1.00,,Shared group: Algorithms and Complexity Group
p_27b513013d06,p_fe4fedd24693,same_group,1.00,,Shared group: Algorithms and Complexity Group
p_2e603dc1c71c,p_37743812e7b8,same_group,1.00,,Shared group: Algorithms and Complexity Group
p_2e603dc1c71c,p_38c8b73d6a2b,same_group,1.00,,Shared group: Algorithms and Complexity Group
p_2e603dc1c71c,p_42e2f5bb234f,same_group,1.00,,Shared group: Algorithms and Complexity Group
p_2e603dc1c71c,p_474b99321c8e,same_group,1.00,,Shared group: Algorithms and Complexity Group
p_2e603dc1c71c,p_498e29fa4608,same_group,1.00,,Shared group: Algorithms and Complexity Group
p_2e603dc1c71c,p_4cab06668830,same_group,1.00,,Shared group: Algorithms and Complexity Group
p_2e603dc1c71c,p_4cc6a124d188,same_group,1.00,,Shared group: Algorithms and Complexity Group
p_2e603dc1c71c,p_4dc4ecc133d9,same_group,1.00,,Shared group: Algorithms and Complexity Group
p_2e603dc1c71c,p_4fc01d6873af,same_group,1.00,,Shared group: Algorithms and Complexity Group
p_2e603dc1c71c,p_57e81a33799a,same_group,1.00,,Shared group: Algorithms and Complexity Group
p_2e603dc1c71c,p_5ba48ee11139,same_group,1.00,,Shared group: Algorithms and Complexity Group
p_2e603dc1c71c,p_6b040c1875f9,same_group,1.00,,Shared group: Algorithms and Complexity Group
p_2e603dc1c71c,p_77cacdbdd3f6,same_group,1.00,,Shared group: Algorithms and Complexity Group
p_2e603dc1c71c,p_7875be5ed0ba,same_group,1.00,,Shared group: Algorithms and Complexity Group
p_2e603dc1c71c,p_809af1dac0a0,same_group,1.00,,Shared group: Algorithms and Complexity Group
p_2e603dc1c71c,p_83c0e77cd9b3,same_group,1.00,,Shared group: Algorithms and Complexity Group
p_2e603dc1c71c,p_8a50c5542f0a,same_group,1.00,,Shared group: Algorithms and Complexity Group
p_2e603dc1c71c,p_92f17fe87fab,same_group,1.00,,Shared group: Algorithms and Complexity Group
p_2e603dc1c71c,p_96c3dfdf7ef9,same_group,1.00,,Shared group: Algorithms and Complexity Group
p_2e603dc1c71c,p_98110fe30104,same_group,1.00,,Shared group: Algorithms and Complexity Group
p_2e603dc1c71c,p_98cd99958f30,same_group,1.00,,Shared group: Algorithms and Complexity Group
p_2e603dc1c71c,p_9bbf7296597f,same_group,1.00,,Shared group: Algorithms and Complexity Group
p_2e603dc1c71c,p_9d16806563dc,same_group,1.00,,Shared group: Algorithms and Complexity Group
p_2e603dc1c71c,p_a3572a58b762,same_group,1.00,,Shared group: Algorithms and Complexity Group
p_2e603dc1c71c,p_a41459cdd768,same_group,1.00,,Shared group: Algorithms and Complexity Group
p_2e603dc1c71c,p_a94928a1c583,same_group,1.00,,Shared group: Algorithms and Complexity Group
p_2e603dc1c71c,p_ad6993f05ccc,same_group,1.00,,Shared group: Algorithms and Complexity Group
p_2e603dc1c71c,p_b3a0f268994f,same_group,1.00,,Shared group: Algorithms and Complexity Group
p_2e603dc1c71c,p_b6f5c5402d18,same_group,1.00,,Shared group: Algorithms and Complexity Group
p_2e603dc1c71c,p_b7d7331a7460,same_group,1.00,,Shared group: Algorithms and Complexity Group
p_2e603dc1c71c,p_bc88d0286909,same_group,1.00,,Shared group: Algorithms and Complexity Group
p_2e603dc1c71c,p_bdf69ab58730,same_group,1.00,,Shared group: Algorithms and Complexity Group
p_2e603dc1c71c,p_c28424c7cff8,same_group,1.00,,Shared group: Algorithms and Complexity Group
p_2e603dc1c71c,p_c4e79a8aedca,same_group,1.00,,Shared group: Algorithms and Complexity Group
p_2e603dc1c71c,p_c8b99d53c18a,same_group,1.00,,Shared group: Algorithms and Complexity Group
p_2e603dc1c71c,p_ca1dc2eed7f6,same_group,1.00,,Shared group: Algorithms and Complexity Group
p_2e603dc1c71c,p_ca4a99f213dc,same_group,1.00,,Shared group: Algorithms and Complexity Group
p_2e603dc1c71c,p_cc44e04be967,same_group,1.00,,Shared group: Algorithms and Complexity Group
p_2e603dc1c71c,p_d48e4ef31772,same_group,1.00,,Shared group: Algorithms and Complexity Group
p_2e603dc1c71c,p_d54412518e1d,same_group,1.00,,Shared group: Algorithms and Complexity Group
p_2e603dc1c71c,p_d59111e0cf6d,same_group,1.00,,Shared group: Algorithms and Complexity Group
p_2e603dc1c71c,p_d6acc5297b85,same_group,1.00,,Shared group: Algorithms and Complexity Group
p_2e603dc1c71c,p_d96513056fad,same_group,1.00,,Shared group: Algorithms and Complexity Group
p_2e603dc1c71c,p_d979c0609bb0,same_group,1.00,,Shared group: Algorithms and Complexity Group
p_2e603dc1c71c,p_e3bdbee9f327,same_group,1.00,,Shared group: Algorithms and Complexity Group
p_2e603dc1c71c,p_f0796af1f964,same_group,1.00,,Shared group: Algorithms and Complexity Group
p_2e603dc1c71c,p_f5aae7a1da7f,same_group,1.00,,Shared group: Algorithms and Complexity Group
p_2e603dc1c71c,p_f69c45a1adca,same_group,1.00,,Shared group: Algorithms and Complexity Group
p_2e603dc1c71c,p_f6ca4ba0d6a3,same_group,1.00,,Shared group: Algorithms and Complexity Group
p_2e603dc1c71c,p_f91fbfeafc03,same_group,1.00,,Shared group: Algorithms and Complexity Group
p_2e603dc1c71c,p_f9a0dfb82f0c,same_group,1.00,,Shared group: Algorithms and Complexity Group
p_2e603dc1c71c,p_faf0432d7287,same_group,1.00,,Shared group: Algorithms and Complexity Group
p_2e603dc1c71c,p_faf72768d249,same_group,1.00,,Shared group: Algorithms and Complexity Group
p_2e603dc1c71c,p_fc085ff11435,same_group,1.00,,Shared group: Algorithms and Complexity Group
p_2e603dc1c71c,p_fe4fedd24693,same_group,1.00,,Shared group: Algorithms and Complexity Group
p_37743812e7b8,p_38c8b73d6a2b,same_group,1.00,,Shared group: Algorithms and Complexity Group
p_37743812e7b8,p_42e2f5bb234f,same_group,1.00,,Shared group: Algorithms and Complexity Group
p_37743812e7b8,p_474b99321c8e,same_group,1.00,,Shared group: Algorithms and Complexity Group
p_37743812e7b8,p_498e29fa4608,same_group,1.00,,Shared group: Algorithms and Complexity Group
p_37743812e7b8,p_4cab06668830,same_group,1.00,,Shared group: Algorithms and Complexity Group
p_37743812e7b8,p_4cc6a124d188,same_group,1.00,,Shared group: Algorithms and Complexity Group
p_37743812e7b8,p_4dc4ecc133d9,same_group,1.00,,Shared group: Algorithms and Complexity Group
p_37743812e7b8,p_4fc01d6873af,same_group,1.00,,Shared group: Algorithms and Complexity Group
p_37743812e7b8,p_57e81a33799a,same_group,1.00,,Shared group: Algorithms and Complexity Group
p_37743812e7b8,p_5ba48ee11139,same_group,1.00,,Shared group: Algorithms and Complexity Group
p_37743812e7b8,p_6b040c1875f9,same_group,1.00,,Shared group: Algorithms and Complexity Group
p_37743812e7b8,p_77cacdbdd3f6,same_group,1.00,,Shared group: Algorithms and Complexity Group
p_37743812e7b8,p_7875be5ed0ba,same_group,1.00,,Shared group: Algorithms and Complexity Group
p_37743812e7b8,p_809af1dac0a0,same_group,1.00,,Shared group: Algorithms and Complexity Group
p_37743812e7b8,p_83c0e77cd9b3,same_group,1.00,,Shared group: Algorithms and Complexity Group
p_37743812e7b8,p_8a50c5542f0a,same_group,1.00,,Shared group: Algorithms and Complexity Group
p_37743812e7b8,p_92f17fe87fab,same_group,1.00,,Shared group: Algorithms and Complexity Group
p_37743812e7b8,p_96c3dfdf7ef9,same_group,1.00,,Shared group: Algorithms and Complexity Group
p_37743812e7b8,p_98110fe30104,same_group,1.00,,Shared group: Algorithms and Complexity Group
p_37743812e7b8,p_98cd99958f30,same_group,1.00,,Shared group: Algorithms and Complexity Group
p_37743812e7b8,p_9bbf7296597f,same_group,1.00,,Shared group: Algorithms and Complexity Group
p_37743812e7b8,p_9d16806563dc,same_group,1.00,,Shared group: Algorithms and Complexity Group
p_37743812e7b8,p_a3572a58b762,same_group,1.00,,Shared group: Algorithms and Complexity Group
p_37743812e7b8,p_a41459cdd768,same_group,1.00,,Shared group: Algorithms and Complexity Group
p_37743812e7b8,p_a94928a1c583,same_group,1.00,,Shared group: Algorithms and Complexity Group
p_37743812e7b8,p_ad6993f05ccc,same_group,1.00,,Shared group: Algorithms and Complexity Group
p_37743812e7b8,p_b3a0f268994f,same_group,1.00,,Shared group: Algorithms and Complexity Group
p_37743812e7b8,p_b6f5c5402d18,same_group,1.00,,Shared group: Algorithms and Complexity Group
p_37743812e7b8,p_b7d7331a7460,same_group,1.00,,Shared group: Algorithms and Complexity Group
p_37743812e7b8,p_bc88d0286909,same_group,1.00,,Shared group: Algorithms and Complexity Group
p_37743812e7b8,p_bdf69ab58730,same_group,1.00,,Shared group: Algorithms and Complexity Group
p_37743812e7b8,p_c28424c7cff8,same_group,1.00,,Shared group: Algorithms and Complexity Group
p_37743812e7b8,p_c4e79a8aedca,same_group,1.00,,Shared group: Algorithms and Complexity Group
p_37743812e7b8,p_c8b99d53c18a,same_group,1.00,,Shared group: Algorithms and Complexity Group
p_37743812e7b8,p_ca1dc2eed7f6,same_group,1.00,,Shared group: Algorithms and Complexity Group
p_37743812e7b8,p_ca4a99f213dc,same_group,1.00,,Shared group: Algorithms and Complexity Group
p_37743812e7b8,p_cc44e04be967,same_group,1.00,,Shared group: Algorithms and Complexity Group
p_37743812e7b8,p_d48e4ef31772,same_group,1.00,,Shared group: Algorithms and Complexity Group
p_37743812e7b8,p_d54412518e1d,same_group,1.00,,Shared group: Algorithms and Complexity Group
p_37743812e7b8,p_d59111e0cf6d,same_group,1.00,,Shared group: Algorithms and Complexity Group
p_37743812e7b8,p_d6acc5297b85,same_group,1.00,,Shared group: Algorithms and Complexity Group
p_37743812e7b8,p_d96513056fad,same_group,1.00,,Shared group: Algorithms and Complexity Group
p_37743812e7b8,p_d979c0609bb0,same_group,1.00,,Shared group: Algorithms and Complexity Group
p_37743812e7b8,p_e3bdbee9f327,same_group,1.00,,Shared group: Algorithms and Complexity Group
p_37743812e7b8,p_f0796af1f964,same_group,1.00,,Shared group: Algorithms and Complexity Group
p_37743812e7b8,p_f5aae7a1da7f,same_group,1.00,,Shared group: Algorithms and Complexity Group
p_37743812e7b8,p_f69c45a1adca,same_group,1.00,,Shared group: Algorithms and Complexity Group
p_37743812e7b8,p_f6ca4ba0d6a3,same_group,1.00,,Shared group: Algorithms and Complexity Group
p_37743812e7b8,p_f91fbfeafc03,same_group,1.00,,Shared group: Algorithms and Complexity Group
p_37743812e7b8,p_f9a0dfb82f0c,same_group,1.00,,Shared group: Algorithms and Complexity Group
p_37743812e7b8,p_faf0432d7287,same_group,1.00,,Shared group: Algorithms and Complexity Group
p_37743812e7b8,p_faf72768d249,same_group,1.00,,Shared group: Algorithms and Complexity Group
p_37743812e7b8,p_fc085ff11435,same_group,1.00,,Shared group: Algorithms and Complexity Group
p_37743812e7b8,p_fe4fedd24693,same_group,1.00,,Shared group: Algorithms and Complexity Group
p_38c8b73d6a2b,p_42e2f5bb234f,same_group,1.00,,Shared group: Algorithms and Complexity Group
p_38c8b73d6a2b,p_474b99321c8e,same_group,1.00,,Shared group: Algorithms and Complexity Group
p_38c8b73d6a2b,p_498e29fa4608,same_group,1.00,,Shared group: Algorithms and Complexity Group
p_38c8b73d6a2b,p_4cab06668830,same_group,1.00,,Shared group: Algorithms and Complexity Group
p_38c8b73d6a2b,p_4cc6a124d188,same_group,1.00,,Shared group: Algorithms and Complexity Group
p_38c8b73d6a2b,p_4dc4ecc133d9,same_group,1.00,,Shared group: Algorithms and Complexity Group
p_38c8b73d6a2b,p_4fc01d6873af,same_group,1.00,,Shared group: Algorithms and Complexity Group
p_38c8b73d6a2b,p_57e81a33799a,same_group,1.00,,Shared group: Algorithms and Complexity Group
p_38c8b73d6a2b,p_5ba48ee11139,same_group,1.00,,Shared group: Algorithms and Complexity Group
p_38c8b73d6a2b,p_6b040c1875f9,same_group,1.00,,Shared group: Algorithms and Complexity Group
p_38c8b73d6a2b,p_77cacdbdd3f6,same_group,1.00,,Shared group: Algorithms and Complexity Group
p_38c8b73d6a2b,p_7875be5ed0ba,same_group,1.00,,Shared group: Algorithms and Complexity Group
p_38c8b73d6a2b,p_809af1dac0a0,same_group,1.00,,Shared group: Algorithms and Complexity Group
p_38c8b73d6a2b,p_83c0e77cd9b3,same_group,1.00,,Shared group: Algorithms and Complexity Group
p_38c8b73d6a2b,p_8a50c5542f0a,same_group,1.00,,Shared group: Algorithms and Complexity Group
p_38c8b73d6a2b,p_92f17fe87fab,same_group,1.00,,Shared group: Algorithms and Complexity Group
p_38c8b73d6a2b,p_96c3dfdf7ef9,same_group,1.00,,Shared group: Algorithms and Complexity Group
p_38c8b73d6a2b,p_98110fe30104,same_group,1.00,,Shared group: Algorithms and Complexity Group
p_38c8b73d6a2b,p_98cd99958f30,same_group,1.00,,Shared group: Algorithms and Complexity Group
p_38c8b73d6a2b,p_9bbf7296597f,same_group,1.00,,Shared group: Algorithms and Complexity Group
p_38c8b73d6a2b,p_9d16806563dc,same_group,1.00,,Shared group: Algorithms and Complexity Group
p_38c8b73d6a2b,p_a3572a58b762,same_group,1.00,,Shared group: Algorithms and Complexity Group
p_38c8b73d6a2b,p_a41459cdd768,same_group,1.00,,Shared group: Algorithms and Complexity Group
p_38c8b73d6a2b,p_a94928a1c583,same_group,1.00,,Shared group: Algorithms and Complexity Group
p_38c8b73d6a2b,p_ad6993f05ccc,same_group,1.00,,Shared group: Algorithms and Complexity Group
p_38c8b73d6a2b,p_b3a0f268994f,same_group,1.00,,Shared group: Algorithms and Complexity Group
p_38c8b73d6a2b,p_b6f5c5402d18,same_group,1.00,,Shared group: Algorithms and Complexity Group
p_38c8b73d6a2b,p_b7d7331a7460,same_group,1.00,,Shared group: Algorithms and Complexity Group
p_38c8b73d6a2b,p_bc88d0286909,same_group,1.00,,Shared group: Algorithms and Complexity Group
p_38c8b73d6a2b,p_bdf69ab58730,same_group,1.00,,Shared group: Algorithms and Complexity Group
p_38c8b73d6a2b,p_c28424c7cff8,same_group,1.00,,Shared group: Algorithms and Complexity Group
p_38c8b73d6a2b,p_c4e79a8aedca,same_group,1.00,,Shared group: Algorithms and Complexity Group
p_38c8b73d6a2b,p_c8b99d53c18a,same_group,1.00,,Shared group: Algorithms and Complexity Group
p_38c8b73d6a2b,p_ca1dc2eed7f6,same_group,1.00,,Shared group: Algorithms and Complexity Group
p_38c8b73d6a2b,p_ca4a99f213dc,same_group,1.00,,Shared group: Algorithms and Complexity Group
p_38c8b73d6a2b,p_cc44e04be967,same_group,1.00,,Shared group: Algorithms and Complexity Group
p_38c8b73d6a2b,p_d48e4ef31772,same_group,1.00,,Shared group: Algorithms and Complexity Group
p_38c8b73d6a2b,p_d54412518e1d,same_group,1.00,,Shared group: Algorithms and Complexity Group
p_38c8b73d6a2b,p_d59111e0cf6d,same_group,1.00,,Shared group: Algorithms and Complexity Group
p_38c8b73d6a2b,p_d6acc5297b85,same_group,1.00,,Shared group: Algorithms and Complexity Group
p_38c8b73d6a2b,p_d96513056fad,same_group,1.00,,Shared group: Algorithms and Complexity Group
p_38c8b73d6a2b,p_d979c0609bb0,same_group,1.00,,Shared group: Algorithms and Complexity Group
p_38c8b73d6a2b,p_e3bdbee9f327,same_group,1.00,,Shared group: Algorithms and Complexity Group
p_38c8b73d6a2b,p_f0796af1f964,same_group,1.00,,Shared group: Algorithms and Complexity Group
p_38c8b73d6a2b,p_f5aae7a1da7f,same_group,1.00,,Shared group: Algorithms and Complexity Group
p_38c8b73d6a2b,p_f69c45a1adca,same_group,1.00,,Shared group: Algorithms and Complexity Group
p_38c8b73d6a2b,p_f6ca4ba0d6a3,same_group,1.00,,Shared group: Algorithms and Complexity Group
p_38c8b73d6a2b,p_f91fbfeafc03,same_group,1.00,,Shared group: Algorithms and Complexity Group
p_38c8b73d6a2b,p_f9a0dfb82f0c,same_group,1.00,,Shared group: Algorithms and Complexity Group
p_38c8b73d6a2b,p_faf0432d7287,same_group,1.00,,Shared group: Algorithms and Complexity Group
p_38c8b73d6a2b,p_faf72768d249,same_group,1.00,,Shared group: Algorithms and Complexity Group
p_38c8b73d6a2b,p_fc085ff11435,same_group,1.00,,Shared group: Algorithms and Complexity Group
p_38c8b73d6a2b,p_fe4fedd24693,same_group,1.00,,Shared group: Algorithms and Complexity Group
p_3f0f692d7d18,p_a12df22246c6,same_group,1.00,,Shared group: Team Biomechanics
p_42e2f5bb234f,p_474b99321c8e,same_group,1.00,,Shared group: Algorithms and Complexity Group
p_42e2f5bb234f,p_498e29fa4608,same_group,1.00,,Shared group: Algorithms and Complexity Group
p_42e2f5bb234f,p_4cab06668830,same_group,1.00,,Shared group: Algorithms and Complexity Group
p_42e2f5bb234f,p_4cc6a124d188,same_group,1.00,,Shared group: Algorithms and Complexity Group
p_42e2f5bb234f,p_4dc4ecc133d9,same_group,1.00,,Shared group: Algorithms and Complexity Group
p_42e2f5bb234f,p_4fc01d6873af,same_group,1.00,,Shared group: Algorithms and Complexity Group
p_42e2f5bb234f,p_57e81a33799a,same_group,1.00,,Shared group: Algorithms and Complexity Group
p_42e2f5bb234f,p_5ba48ee11139,same_group,1.00,,Shared group: Algorithms and Complexity Group
p_42e2f5bb234f,p_6b040c1875f9,same_group,1.00,,Shared group: Algorithms and Complexity Group
p_42e2f5bb234f,p_77cacdbdd3f6,same_group,1.00,,Shared group: Algorithms and Complexity Group
p_42e2f5bb234f,p_7875be5ed0ba,same_group,1.00,,Shared group: Algorithms and Complexity Group
p_42e2f5bb234f,p_809af1dac0a0,same_group,1.00,,Shared group: Algorithms and Complexity Group
p_42e2f5bb234f,p_83c0e77cd9b3,same_group,1.00,,Shared group: Algorithms and Complexity Group
p_42e2f5bb234f,p_8a50c5542f0a,same_group,1.00,,Shared group: Algorithms and Complexity Group
p_42e2f5bb234f,p_92f17fe87fab,same_group,1.00,,Shared group: Algorithms and Complexity Group
p_42e2f5bb234f,p_96c3dfdf7ef9,same_group,1.00,,Shared group: Algorithms and Complexity Group
p_42e2f5bb234f,p_98110fe30104,same_group,1.00,,Shared group: Algorithms and Complexity Group
p_42e2f5bb234f,p_98cd99958f30,same_group,1.00,,Shared group: Algorithms and Complexity Group
p_42e2f5bb234f,p_9bbf7296597f,same_group,1.00,,Shared group: Algorithms and Complexity Group
p_42e2f5bb234f,p_9d16806563dc,same_group,1.00,,Shared group: Algorithms and Complexity Group
p_42e2f5bb234f,p_a3572a58b762,same_group,1.00,,Shared group: Algorithms and Complexity Group
p_42e2f5bb234f,p_a41459cdd768,same_group,1.00,,Shared group: Algorithms and Complexity Group
p_42e2f5bb234f,p_a94928a1c583,same_group,1.00,,Shared group: Algorithms and Complexity Group
p_42e2f5bb234f,p_ad6993f05ccc,same_group,1.00,,Shared group: Algorithms and Complexity Group
p_42e2f5bb234f,p_b3a0f268994f,same_group,1.00,,Shared group: Algorithms and Complexity Group
p_42e2f5bb234f,p_b6f5c5402d18,same_group,1.00,,Shared group: Algorithms and Complexity Group
p_42e2f5bb234f,p_b7d7331a7460,same_group,1.00,,Shared group: Algorithms and Complexity Group
p_42e2f5bb234f,p_bc88d0286909,same_group,1.00,,Shared group: Algorithms and Complexity Group
p_42e2f5bb234f,p_bdf69ab58730,same_group,1.00,,Shared group: Algorithms and Complexity Group
p_42e2f5bb234f,p_c28424c7cff8,same_group,1.00,,Shared group: Algorithms and Complexity Group
p_42e2f5bb234f,p_c4e79a8aedca,same_group,1.00,,Shared group: Algorithms and Complexity Group
p_42e2f5bb234f,p_c8b99d53c18a,same_group,1.00,,Shared group: Algorithms and Complexity Group
p_42e2f5bb234f,p_ca1dc2eed7f6,same_group,1.00,,Shared group: Algorithms and Complexity Group
p_42e2f5bb234f,p_ca4a99f213dc,same_group,1.00,,Shared group: Algorithms and Complexity Group
p_42e2f5bb234f,p_cc44e04be967,same_group,1.00,,Shared group: Algorithms and Complexity Group
p_42e2f5bb234f,p_d48e4ef31772,same_group,1.00,,Shared group: Algorithms and Complexity Group
p_42e2f5bb234f,p_d54412518e1d,same_group,1.00,,Shared group: Algorithms and Complexity Group
p_42e2f5bb234f,p_d59111e0cf6d,same_group,1.00,,Shared group: Algorithms and Complexity Group
p_42e2f5bb234f,p_d6acc5297b85,same_group,1.00,,Shared group: Algorithms and Complexity Group
p_42e2f5bb234f,p_d96513056fad,same_group,1.00,,Shared group: Algorithms and Complexity Group
p_42e2f5bb234f,p_d979c0609bb0,same_group,1.00,,Shared group: Algorithms and Complexity Group
p_42e2f5bb234f,p_e3bdbee9f327,same_group,1.00,,Shared group: Algorithms and Complexity Group
p_42e2f5bb234f,p_f0796af1f964,same_group,1.00,,Shared group: Algorithms and Complexity Group
p_42e2f5bb234f,p_f5aae7a1da7f,same_group,1.00,,Shared group: Algorithms and Complexity Group
p_42e2f5bb234f,p_f69c45a1adca,same_group,1.00,,Shared group: Algorithms and Complexity Group
p_42e2f5bb234f,p_f6ca4ba0d6a3,same_group,1.00,,Shared group: Algorithms and Complexity Group
p_42e2f5bb234f,p_f91fbfeafc03,same_group,1.00,,Shared group: Algorithms and Complexity Group
p_42e2f5bb234f,p_f9a0dfb82f0c,same_group,1.00,,Shared group: Algorithms and Complexity Group
p_42e2f5bb234f,p_faf0432d7287,same_group,1.00,,Shared group: Algorithms and Complexity Group
p_42e2f5bb234f,p_faf72768d249,same_group,1.00,,Shared group: Algorithms and Complexity Group
p_42e2f5bb234f,p_fc085ff11435,same_group,1.00,,Shared group: Algorithms and Complexity Group
p_42e2f5bb234f,p_fe4fedd24693,same_group,1.00,,Shared group: Algorithms and Complexity Group
p_474b99321c8e,p_498e29fa4608,same_group,1.00,,Shared group: Algorithms and Complexity Group
p_474b99321c8e,p_4cab06668830,same_group,1.00,,Shared group: Algorithms and Complexity Group
p_474b99321c8e,p_4cc6a124d188,same_group,1.00,,Shared group: Algorithms and Complexity Group
p_474b99321c8e,p_4dc4ecc133d9,same_group,1.00,,Shared group: Algorithms and Complexity Group
p_474b99321c8e,p_4fc01d6873af,same_group,1.00,,Shared group: Algorithms and Complexity Group
p_474b99321c8e,p_57e81a33799a,same_group,1.00,,Shared group: Algorithms and Complexity Group
p_474b99321c8e,p_5ba48ee11139,same_group,1.00,,Shared group: Algorithms and Complexity Group
p_474b99321c8e,p_6b040c1875f9,same_group,1.00,,Shared group: Algorithms and Complexity Group
p_474b99321c8e,p_77cacdbdd3f6,same_group,1.00,,Shared group: Algorithms and Complexity Group
p_474b99321c8e,p_7875be5ed0ba,same_group,1.00,,Shared group: Algorithms and Complexity Group
p_474b99321c8e,p_809af1dac0a0,same_group,1.00,,Shared group: Algorithms and Complexity Group
p_474b99321c8e,p_83c0e77cd9b3,same_group,1.00,,Shared group: Algorithms and Complexity Group
p_474b99321c8e,p_8a50c5542f0a,same_group,1.00,,Shared group: Algorithms and Complexity Group
p_474b99321c8e,p_92f17fe87fab,same_group,1.00,,Shared group: Algorithms and Complexity Group
p_474b99321c8e,p_96c3dfdf7ef9,same_group,1.00,,Shared group: Algorithms and Complexity Group
p_474b99321c8e,p_98110fe30104,same_group,1.00,,Shared group: Algorithms and Complexity Group
p_474b99321c8e,p_98cd99958f30,same_group,1.00,,Shared group: Algorithms and Complexity Group
p_474b99321c8e,p_9bbf7296597f,same_group,1.00,,Shared group: Algorithms and Complexity Group
p_474b99321c8e,p_9d16806563dc,same_group,1.00,,Shared group: Algorithms and Complexity Group
p_474b99321c8e,p_a3572a58b762,same_group,1.00,,Shared group: Algorithms and Complexity Group
p_474b99321c8e,p_a41459cdd768,same_group,1.00,,Shared group: Algorithms and Complexity Group
p_474b99321c8e,p_a94928a1c583,same_group,1.00,,Shared group: Algorithms and Complexity Group
p_474b99321c8e,p_ad6993f05ccc,same_group,1.00,,Shared group: Algorithms and Complexity Group
p_474b99321c8e,p_b3a0f268994f,same_group,1.00,,Shared group: Algorithms and Complexity Group
p_474b99321c8e,p_b6f5c5402d18,same_group,1.00,,Shared group: Algorithms and Complexity Group
p_474b99321c8e,p_b7d7331a7460,same_group,1.00,,Shared group: Algorithms and Complexity Group
p_474b99321c8e,p_bc88d0286909,same_group,1.00,,Shared group: Algorithms and Complexity Group
p_474b99321c8e,p_bdf69ab58730,same_group,1.00,,Shared group: Algorithms and Complexity Group
p_474b99321c8e,p_c28424c7cff8,same_group,1.00,,Shared group: Algorithms and Complexity Group
p_474b99321c8e,p_c4e79a8aedca,same_group,1.00,,Shared group: Algorithms and Complexity Group
p_474b99321c8e,p_c8b99d53c18a,same_group,1.00,,Shared group: Algorithms and Complexity Group
p_474b99321c8e,p_ca1dc2eed7f6,same_group,1.00,,Shared group: Algorithms and Complexity Group
p_474b99321c8e,p_ca4a99f213dc,same_group,1.00,,Shared group: Algorithms and Complexity Group
p_474b99321c8e,p_cc44e04be967,same_group,1.00,,Shared group: Algorithms and Complexity Group
p_474b99321c8e,p_d48e4ef31772,same_group,1.00,,Shared group: Algorithms and Complexity Group
p_474b99321c8e,p_d54412518e1d,same_group,1.00,,Shared group: Algorithms and Complexity Group
p_474b99321c8e,p_d59111e0cf6d,same_group,1.00,,Shared group: Algorithms and Complexity Group
p_474b99321c8e,p_d6acc5297b85,same_group,1.00,,Shared group: Algorithms and Complexity Group
p_474b99321c8e,p_d96513056fad,same_group,1.00,,Shared group: Algorithms and Complexity Group
p_474b99321c8e,p_d979c0609bb0,same_group,1.00,,Shared group: Algorithms and Complexity Group
p_474b99321c8e,p_e3bdbee9f327,same_group,1.00,,Shared group: Algorithms and Complexity Group
p_474b99321c8e,p_f0796af1f964,same_group,1.00,,Shared group: Algorithms and Complexity Group
p_474b99321c8e,p_f5aae7a1da7f,same_group,1.00,,Shared group: Algorithms and Complexity Group
p_474b99321c8e,p_f69c45a1adca,same_group,1.00,,Shared group: Algorithms and Complexity Group
p_474b99321c8e,p_f6ca4ba0d6a3,same_group,1.00,,Shared group: Algorithms and Complexity Group
p_474b99321c8e,p_f91fbfeafc03,same_group,1.00,,Shared group: Algorithms and Complexity Group
p_474b99321c8e,p_f9a0dfb82f0c,same_group,1.00,,Shared group: Algorithms and Complexity Group
p_474b99321c8e,p_faf0432d7287,same_group,1.00,,Shared group: Algorithms and Complexity Group
p_474b99321c8e,p_faf72768d249,same_group,1.00,,Shared group: Algorithms and Complexity Group
p_474b99321c8e,p_fc085ff11435,same_group,1.00,,Shared group: Algorithms and Complexity Group
p_474b99321c8e,p_fe4fedd24693,same_group,1.00,,Shared group: Algorithms and Complexity Group
p_498e29fa4608,p_4cab06668830,same_group,1.00,,Shared group: Algorithms and Complexity Group
p_498e29fa4608,p_4cc6a124d188,same_group,1.00,,Shared group: Algorithms and Complexity Group
p_498e29fa4608,p_4dc4ecc133d9,same_group,1.00,,Shared group: Algorithms and Complexity Group
p_498e29fa4608,p_4fc01d6873af,same_group,1.00,,Shared group: Algorithms and Complexity Group
p_498e29fa4608,p_57e81a33799a,same_group,1.00,,Shared group: Algorithms and Complexity Group
p_498e29fa4608,p_5ba48ee11139,same_group,1.00,,Shared group: Algorithms and Complexity Group
p_498e29fa4608,p_6b040c1875f9,same_group,1.00,,Shared group: Algorithms and Complexity Group
p_498e29fa4608,p_77cacdbdd3f6,same_group,1.00,,Shared group: Algorithms and Complexity Group
p_498e29fa4608,p_7875be5ed0ba,same_group,1.00,,Shared group: Algorithms and Complexity Group
p_498e29fa4608,p_809af1dac0a0,same_group,1.00,,Shared group: Algorithms and Complexity Group
p_498e29fa4608,p_83c0e77cd9b3,same_group,1.00,,Shared group: Algorithms and Complexity Group
p_498e29fa4608,p_8a50c5542f0a,same_group,1.00,,Shared group: Algorithms and Complexity Group
p_498e29fa4608,p_92f17fe87fab,same_group,1.00,,Shared group: Algorithms and Complexity Group
p_498e29fa4608,p_96c3dfdf7ef9,same_group,1.00,,Shared group: Algorithms and Complexity Group
p_498e29fa4608,p_98110fe30104,same_group,1.00,,Shared group: Algorithms and Complexity Group
p_498e29fa4608,p_98cd99958f30,same_group,1.00,,Shared group: Algorithms and Complexity Group
p_498e29fa4608,p_9bbf7296597f,same_group,1.00,,Shared group: Algorithms and Complexity Group
p_498e29fa4608,p_9d16806563dc,same_group,1.00,,Shared group: Algorithms and Complexity Group
p_498e29fa4608,p_a3572a58b762,same_group,1.00,,Shared group: Algorithms and Complexity Group
p_498e29fa4608,p_a41459cdd768,same_group,1.00,,Shared group: Algorithms and Complexity Group
p_498e29fa4608,p_a94928a1c583,same_group,1.00,,Shared group: Algorithms and Complexity Group
p_498e29fa4608,p_ad6993f05ccc,same_group,1.00,,Shared group: Algorithms and Complexity Group
p_498e29fa4608,p_b3a0f268994f,same_group,1.00,,Shared group: Algorithms and Complexity Group
p_498e29fa4608,p_b6f5c5402d18,same_group,1.00,,Shared group: Algorithms and Complexity Group
p_498e29fa4608,p_b7d7331a7460,same_group,1.00,,Shared group: Algorithms and Complexity Group
p_498e29fa4608,p_bc88d0286909,same_group,1.00,,Shared group: Algorithms and Complexity Group
p_498e29fa4608,p_bdf69ab58730,same_group,1.00,,Shared group: Algorithms and Complexity Group
p_498e29fa4608,p_c28424c7cff8,same_group,1.00,,Shared group: Algorithms and Complexity Group
p_498e29fa4608,p_c4e79a8aedca,same_group,1.00,,Shared group: Algorithms and Complexity Group
p_498e29fa4608,p_c8b99d53c18a,same_group,1.00,,Shared group: Algorithms and Complexity Group
p_498e29fa4608,p_ca1dc2eed7f6,same_group,1.00,,Shared group: Algorithms and Complexity Group
p_498e29fa4608,p_ca4a99f213dc,same_group,1.00,,Shared group: Algorithms and Complexity Group
p_498e29fa4608,p_cc44e04be967,same_group,1.00,,Shared group: Algorithms and Complexity Group
p_498e29fa4608,p_d48e4ef31772,same_group,1.00,,Shared group: Algorithms and Complexity Group
p_498e29fa4608,p_d54412518e1d,same_group,1.00,,Shared group: Algorithms and Complexity Group
p_498e29fa4608,p_d59111e0cf6d,same_group,1.00,,Shared group: Algorithms and Complexity Group
p_498e29fa4608,p_d6acc5297b85,same_group,1.00,,Shared group: Algorithms and Complexity Group
p_498e29fa4608,p_d96513056fad,same_group,1.00,,Shared group: Algorithms and Complexity Group
p_498e29fa4608,p_d979c0609bb0,same_group,1.00,,Shared group: Algorithms and Complexity Group
p_498e29fa4608,p_e3bdbee9f327,same_group,1.00,,Shared group: Algorithms and Complexity Group
p_498e29fa4608,p_f0796af1f964,same_group,1.00,,Shared group: Algorithms and Complexity Group
p_498e29fa4608,p_f5aae7a1da7f,same_group,1.00,,Shared group: Algorithms and Complexity Group
p_498e29fa4608,p_f69c45a1adca,same_group,1.00,,Shared group: Algorithms and Complexity Group
p_498e29fa4608,p_f6ca4ba0d6a3,same_group,1.00,,Shared group: Algorithms and Complexity Group
p_498e29fa4608,p_f91fbfeafc03,same_group,1.00,,Shared group: Algorithms and Complexity Group
p_498e29fa4608,p_f9a0dfb82f0c,same_group,1.00,,Shared group: Algorithms and Complexity Group
p_498e29fa4608,p_faf0432d7287,same_group,1.00,,Shared group: Algorithms and Complexity Group
p_498e29fa4608,p_faf72768d249,same_group,1.00,,Shared group: Algorithms and Complexity Group
p_498e29fa4608,p_fc085ff11435,same_group,1.00,,Shared group: Algorithms and Complexity Group
p_498e29fa4608,p_fe4fedd24693,same_group,1.00,,Shared group: Algorithms and Complexity Group
p_4cab06668830,p_4cc6a124d188,same_group,1.00,,Shared group: Algorithms and Complexity Group
p_4cab06668830,p_4dc4ecc133d9,same_group,1.00,,Shared group: Algorithms and Complexity Group
p_4cab06668830,p_4fc01d6873af,same_group,1.00,,Shared group: Algorithms and Complexity Group
p_4cab06668830,p_57e81a33799a,same_group,1.00,,Shared group: Algorithms and Complexity Group
p_4cab06668830,p_5ba48ee11139,same_group,1.00,,Shared group: Algorithms and Complexity Group
p_4cab06668830,p_6b040c1875f9,same_group,1.00,,Shared group: Algorithms and Complexity Group
p_4cab06668830,p_77cacdbdd3f6,same_group,1.00,,Shared group: Algorithms and Complexity Group
p_4cab06668830,p_7875be5ed0ba,same_group,1.00,,Shared group: Algorithms and Complexity Group
p_4cab06668830,p_809af1dac0a0,same_group,1.00,,Shared group: Algorithms and Complexity Group
p_4cab06668830,p_83c0e77cd9b3,same_group,1.00,,Shared group: Algorithms and Complexity Group
p_4cab06668830,p_8a50c5542f0a,same_group,1.00,,Shared group: Algorithms and Complexity Group
p_4cab06668830,p_92f17fe87fab,same_group,1.00,,Shared group: Algorithms and Complexity Group
p_4cab06668830,p_96c3dfdf7ef9,same_group,1.00,,Shared group: Algorithms and Complexity Group
p_4cab06668830,p_98110fe30104,same_group,1.00,,Shared group: Algorithms and Complexity Group
p_4cab06668830,p_98cd99958f30,same_group,1.00,,Shared group: Algorithms and Complexity Group
p_4cab06668830,p_9bbf7296597f,same_group,1.00,,Shared group: Algorithms and Complexity Group
p_4cab06668830,p_9d16806563dc,same_group,1.00,,Shared group: Algorithms and Complexity Group
p_4cab06668830,p_a3572a58b762,same_group,1.00,,Shared group: Algorithms and Complexity Group
p_4cab06668830,p_a41459cdd768,same_group,1.00,,Shared group: Algorithms and Complexity Group
p_4cab06668830,p_a94928a1c583,same_group,1.00,,Shared group: Algorithms and Complexity Group
p_4cab06668830,p_ad6993f05ccc,same_group,1.00,,Shared group: Algorithms and Complexity Group
p_4cab06668830,p_b3a0f268994f,same_group,1.00,,Shared group: Algorithms and Complexity Group
p_4cab06668830,p_b6f5c5402d18,same_group,1.00,,Shared group: Algorithms and Complexity Group
p_4cab06668830,p_b7d7331a7460,same_group,1.00,,Shared group: Algorithms and Complexity Group
p_4cab06668830,p_bc88d0286909,same_group,1.00,,Shared group: Algorithms and Complexity Group
p_4cab06668830,p_bdf69ab58730,same_group,1.00,,Shared group: Algorithms and Complexity Group
p_4cab06668830,p_c28424c7cff8,same_group,1.00,,Shared group: Algorithms and Complexity Group
p_4cab06668830,p_c4e79a8aedca,same_group,1.00,,Shared group: Algorithms and Complexity Group
p_4cab06668830,p_c8b99d53c18a,same_group,1.00,,Shared group: Algorithms and Complexity Group
p_4cab06668830,p_ca1dc2eed7f6,same_group,1.00,,Shared group: Algorithms and Complexity Group
p_4cab06668830,p_ca4a99f213dc,same_group,1.00,,Shared group: Algorithms and Complexity Group
p_4cab06668830,p_cc44e04be967,same_group,1.00,,Shared group: Algorithms and Complexity Group
p_4cab06668830,p_d48e4ef31772,same_group,1.00,,Shared group: Algorithms and Complexity Group
p_4cab06668830,p_d54412518e1d,same_group,1.00,,Shared group: Algorithms and Complexity Group
p_4cab06668830,p_d59111e0cf6d,same_group,1.00,,Shared group: Algorithms and Complexity Group
p_4cab06668830,p_d6acc5297b85,same_group,1.00,,Shared group: Algorithms and Complexity Group
p_4cab06668830,p_d96513056fad,same_group,1.00,,Shared group: Algorithms and Complexity Group
p_4cab06668830,p_d979c0609bb0,same_group,1.00,,Shared group: Algorithms and Complexity Group
p_4cab06668830,p_e3bdbee9f327,same_group,1.00,,Shared group: Algorithms and Complexity Group
p_4cab06668830,p_f0796af1f964,same_group,1.00,,Shared group: Algorithms and Complexity Group
p_4cab06668830,p_f5aae7a1da7f,same_group,1.00,,Shared group: Algorithms and Complexity Group
p_4cab06668830,p_f69c45a1adca,same_group,1.00,,Shared group: Algorithms and Complexity Group
p_4cab06668830,p_f6ca4ba0d6a3,same_group,1.00,,Shared group: Algorithms and Complexity Group
p_4cab06668830,p_f91fbfeafc03,same_group,1.00,,Shared group: Algorithms and Complexity Group
p_4cab06668830,p_f9a0dfb82f0c,same_group,1.00,,Shared group: Algorithms and Complexity Group
p_4cab06668830,p_faf0432d7287,same_group,1.00,,Shared group: Algorithms and Complexity Group
p_4cab06668830,p_faf72768d249,same_group,1.00,,Shared group: Algorithms and Complexity Group
p_4cab06668830,p_fc085ff11435,same_group,1.00,,Shared group: Algorithms and Complexity Group
p_4cab06668830,p_fe4fedd24693,same_group,1.00,,Shared group: Algorithms and Complexity Group
p_4cc6a124d188,p_4dc4ecc133d9,same_group,1.00,,Shared group: Algorithms and Complexity Group
p_4cc6a124d188,p_4fc01d6873af,same_group,1.00,,Shared group: Algorithms and Complexity Group
p_4cc6a124d188,p_57e81a33799a,same_group,1.00,,Shared group: Algorithms and Complexity Group
p_4cc6a124d188,p_5ba48ee11139,same_group,1.00,,Shared group: Algorithms and Complexity Group
p_4cc6a124d188,p_6b040c1875f9,same_group,1.00,,Shared group: Algorithms and Complexity Group
p_4cc6a124d188,p_77cacdbdd3f6,same_group,1.00,,Shared group: Algorithms and Complexity Group
p_4cc6a124d188,p_7875be5ed0ba,same_group,1.00,,Shared group: Algorithms and Complexity Group
p_4cc6a124d188,p_809af1dac0a0,same_group,1.00,,Shared group: Algorithms and Complexity Group
p_4cc6a124d188,p_83c0e77cd9b3,same_group,1.00,,Shared group: Algorithms and Complexity Group
p_4cc6a124d188,p_8a50c5542f0a,same_group,1.00,,Shared group: Algorithms and Complexity Group
p_4cc6a124d188,p_92f17fe87fab,same_group,1.00,,Shared group: Algorithms and Complexity Group
p_4cc6a124d188,p_96c3dfdf7ef9,same_group,1.00,,Shared group: Algorithms and Complexity Group
p_4cc6a124d188,p_98110fe30104,same_group,1.00,,Shared group: Algorithms and Complexity Group
p_4cc6a124d188,p_98cd99958f30,same_group,1.00,,Shared group: Algorithms and Complexity Group
p_4cc6a124d188,p_9bbf7296597f,same_group,1.00,,Shared group: Algorithms and Complexity Group
p_4cc6a124d188,p_9d16806563dc,same_group,1.00,,Shared group: Algorithms and Complexity Group
p_4cc6a124d188,p_a3572a58b762,same_group,1.00,,Shared group: Algorithms and Complexity Group
p_4cc6a124d188,p_a41459cdd768,same_group,1.00,,Shared group: Algorithms and Complexity Group
p_4cc6a124d188,p_a94928a1c583,same_group,1.00,,Shared group: Algorithms and Complexity Group
p_4cc6a124d188,p_ad6993f05ccc,same_group,1.00,,Shared group: Algorithms and Complexity Group
p_4cc6a124d188,p_b3a0f268994f,same_group,1.00,,Shared group: Algorithms and Complexity Group
p_4cc6a124d188,p_b6f5c5402d18,same_group,1.00,,Shared group: Algorithms and Complexity Group
p_4cc6a124d188,p_b7d7331a7460,same_group,1.00,,Shared group: Algorithms and Complexity Group
p_4cc6a124d188,p_bc88d0286909,same_group,1.00,,Shared group: Algorithms and Complexity Group
p_4cc6a124d188,p_bdf69ab58730,same_group,1.00,,Shared group: Algorithms and Complexity Group
p_4cc6a124d188,p_c28424c7cff8,same_group,1.00,,Shared group: Algorithms and Complexity Group
p_4cc6a124d188,p_c4e79a8aedca,same_group,1.00,,Shared group: Algorithms and Complexity Group
p_4cc6a124d188,p_c8b99d53c18a,same_group,1.00,,Shared group: Algorithms and Complexity Group
p_4cc6a124d188,p_ca1dc2eed7f6,same_group,1.00,,Shared group: Algorithms and Complexity Group
p_4cc6a124d188,p_ca4a99f213dc,same_group,1.00,,Shared group: Algorithms and Complexity Group
p_4cc6a124d188,p_cc44e04be967,same_group,1.00,,Shared group: Algorithms and Complexity Group
p_4cc6a124d188,p_d48e4ef31772,same_group,1.00,,Shared group: Algorithms and Complexity Group
p_4cc6a124d188,p_d54412518e1d,same_group,1.00,,Shared group: Algorithms and Complexity Group
p_4cc6a124d188,p_d59111e0cf6d,same_group,1.00,,Shared group: Algorithms and Complexity Group
p_4cc6a124d188,p_d6acc5297b85,same_group,1.00,,Shared group: Algorithms and Complexity Group
p_4cc6a124d188,p_d96513056fad,same_group,1.00,,Shared group: Algorithms and Complexity Group
p_4cc6a124d188,p_d979c0609bb0,same_group,1.00,,Shared group: Algorithms and Complexity Group
p_4cc6a124d188,p_e3bdbee9f327,same_group,1.00,,Shared group: Algorithms and Complexity Group
p_4cc6a124d188,p_f0796af1f964,same_group,1.00,,Shared group: Algorithms and Complexity Group
p_4cc6a124d188,p_f5aae7a1da7f,same_group,1.00,,Shared group: Algorithms and Complexity Group
p_4cc6a124d188,p_f69c45a1adca,same_group,1.00,,Shared group: Algorithms and Complexity Group
p_4cc6a124d188,p_f6ca4ba0d6a3,same_group,1.00,,Shared group: Algorithms and Complexity Group
p_4cc6a124d188,p_f91fbfeafc03,same_group,1.00,,Shared group: Algorithms and Complexity Group
p_4cc6a124d188,p_f9a0dfb82f0c,same_group,1.00,,Shared group: Algorithms and Complexity Group
p_4cc6a124d188,p_faf0432d7287,same_group,1.00,,Shared group: Algorithms and Complexity Group
p_4cc6a124d188,p_faf72768d249,same_group,1.00,,Shared group: Algorithms and Complexity Group
p_4cc6a124d188,p_fc085ff11435,same_group,1.00,,Shared group: Algorithms and Complexity Group
p_4cc6a124d188,p_fe4fedd24693,same_group,1.00,,Shared group: Algorithms and Complexity Group
p_4dc4ecc133d9,p_4fc01d6873af,same_group,1.00,,Shared group: Algorithms and Complexity Group
p_4dc4ecc133d9,p_57e81a33799a,same_group,1.00,,Shared group: Algorithms and Complexity Group
p_4dc4ecc133d9,p_5ba48ee11139,same_group,1.00,,Shared group: Algorithms and Complexity Group
p_4dc4ecc133d9,p_6b040c1875f9,same_group,1.00,,Shared group: Algorithms and Complexity Group
p_4dc4ecc133d9,p_77cacdbdd3f6,same_group,1.00,,Shared group: Algorithms and Complexity Group
p_4dc4ecc133d9,p_7875be5ed0ba,same_group,1.00,,Shared group: Algorithms and Complexity Group
p_4dc4ecc133d9,p_809af1dac0a0,same_group,1.00,,Shared group: Algorithms and Complexity Group
p_4dc4ecc133d9,p_83c0e77cd9b3,same_group,1.00,,Shared group: Algorithms and Complexity Group
p_4dc4ecc133d9,p_8a50c5542f0a,same_group,1.00,,Shared group: Algorithms and Complexity Group
p_4dc4ecc133d9,p_92f17fe87fab,same_group,1.00,,Shared group: Algorithms and Complexity Group
p_4dc4ecc133d9,p_96c3dfdf7ef9,same_group,1.00,,Shared group: Algorithms and Complexity Group
p_4dc4ecc133d9,p_98110fe30104,same_group,1.00,,Shared group: Algorithms and Complexity Group
p_4dc4ecc133d9,p_98cd99958f30,same_group,1.00,,Shared group: Algorithms and Complexity Group
p_4dc4ecc133d9,p_9bbf7296597f,same_group,1.00,,Shared group: Algorithms and Complexity Group
p_4dc4ecc133d9,p_9d16806563dc,same_group,1.00,,Shared group: Algorithms and Complexity Group
p_4dc4ecc133d9,p_a3572a58b762,same_group,1.00,,Shared group: Algorithms and Complexity Group
p_4dc4ecc133d9,p_a41459cdd768,same_group,1.00,,Shared group: Algorithms and Complexity Group
p_4dc4ecc133d9,p_a94928a1c583,same_group,1.00,,Shared group: Algorithms and Complexity Group
p_4dc4ecc133d9,p_ad6993f05ccc,same_group,1.00,,Shared group: Algorithms and Complexity Group
p_4dc4ecc133d9,p_b3a0f268994f,same_group,1.00,,Shared group: Algorithms and Complexity Group
p_4dc4ecc133d9,p_b6f5c5402d18,same_group,1.00,,Shared group: Algorithms and Complexity Group
p_4dc4ecc133d9,p_b7d7331a7460,same_group,1.00,,Shared group: Algorithms and Complexity Group
p_4dc4ecc133d9,p_bc88d0286909,same_group,1.00,,Shared group: Algorithms and Complexity Group
p_4dc4ecc133d9,p_bdf69ab58730,same_group,1.00,,Shared group: Algorithms and Complexity Group
p_4dc4ecc133d9,p_c28424c7cff8,same_group,1.00,,Shared group: Algorithms and Complexity Group
p_4dc4ecc133d9,p_c4e79a8aedca,same_group,1.00,,Shared group: Algorithms and Complexity Group
p_4dc4ecc133d9,p_c8b99d53c18a,same_group,1.00,,Shared group: Algorithms and Complexity Group
p_4dc4ecc133d9,p_ca1dc2eed7f6,same_group,1.00,,Shared group: Algorithms and Complexity Group
p_4dc4ecc133d9,p_ca4a99f213dc,same_group,1.00,,Shared group: Algorithms and Complexity Group
p_4dc4ecc133d9,p_cc44e04be967,same_group,1.00,,Shared group: Algorithms and Complexity Group
p_4dc4ecc133d9,p_d48e4ef31772,same_group,1.00,,Shared group: Algorithms and Complexity Group
p_4dc4ecc133d9,p_d54412518e1d,same_group,1.00,,Shared group: Algorithms and Complexity Group
p_4dc4ecc133d9,p_d59111e0cf6d,same_group,1.00,,Shared group: Algorithms and Complexity Group
p_4dc4ecc133d9,p_d6acc5297b85,same_group,1.00,,Shared group: Algorithms and Complexity Group
p_4dc4ecc133d9,p_d96513056fad,same_group,1.00,,Shared group: Algorithms and Complexity Group
p_4dc4ecc133d9,p_d979c0609bb0,same_group,1.00,,Shared group: Algorithms and Complexity Group
p_4dc4ecc133d9,p_e3bdbee9f327,same_group,1.00,,Shared group: Algorithms and Complexity Group
p_4dc4ecc133d9,p_f0796af1f964,same_group,1.00,,Shared group: Algorithms and Complexity Group
p_4dc4ecc133d9,p_f5aae7a1da7f,same_group,1.00,,Shared group: Algorithms and Complexity Group
p_4dc4ecc133d9,p_f69c45a1adca,same_group,1.00,,Shared group: Algorithms and Complexity Group
p_4dc4ecc133d9,p_f6ca4ba0d6a3,same_group,1.00,,Shared group: Algorithms and Complexity Group
p_4dc4ecc133d9,p_f91fbfeafc03,same_group,1.00,,Shared group: Algorithms and Complexity Group
p_4dc4ecc133d9,p_f9a0dfb82f0c,same_group,1.00,,Shared group: Algorithms and Complexity Group
p_4dc4ecc133d9,p_faf0432d7287,same_group,1.00,,Shared group: Algorithms and Complexity Group
p_4dc4ecc133d9,p_faf72768d249,same_group,1.00,,Shared group: Algorithms and Complexity Group
p_4dc4ecc133d9,p_fc085ff11435,same_group,1.00,,Shared group: Algorithms and Complexity Group
p_4dc4ecc133d9,p_fe4fedd24693,same_group,1.00,,Shared group: Algorithms and Complexity Group
p_4fc01d6873af,p_57e81a33799a,same_group,1.00,,Shared group: Algorithms and Complexity Group
p_4fc01d6873af,p_5ba48ee11139,same_group,1.00,,Shared group: Algorithms and Complexity Group
p_4fc01d6873af,p_6b040c1875f9,same_group,1.00,,Shared group: Algorithms and Complexity Group
p_4fc01d6873af,p_77cacdbdd3f6,same_group,1.00,,Shared group: Algorithms and Complexity Group
p_4fc01d6873af,p_7875be5ed0ba,same_group,1.00,,Shared group: Algorithms and Complexity Group
p_4fc01d6873af,p_809af1dac0a0,same_group,1.00,,Shared group: Algorithms and Complexity Group
p_4fc01d6873af,p_83c0e77cd9b3,same_group,1.00,,Shared group: Algorithms and Complexity Group
p_4fc01d6873af,p_8a50c5542f0a,same_group,1.00,,Shared group: Algorithms and Complexity Group
p_4fc01d6873af,p_92f17fe87fab,same_group,1.00,,Shared group: Algorithms and Complexity Group
p_4fc01d6873af,p_96c3dfdf7ef9,same_group,1.00,,Shared group: Algorithms and Complexity Group
p_4fc01d6873af,p_98110fe30104,same_group,1.00,,Shared group: Algorithms and Complexity Group
p_4fc01d6873af,p_98cd99958f30,same_group,1.00,,Shared group: Algorithms and Complexity Group
p_4fc01d6873af,p_9bbf7296597f,same_group,1.00,,Shared group: Algorithms and Complexity Group
p_4fc01d6873af,p_9d16806563dc,same_group,1.00,,Shared group: Algorithms and Complexity Group
p_4fc01d6873af,p_a3572a58b762,same_group,1.00,,Shared group: Algorithms and Complexity Group
p_4fc01d6873af,p_a41459cdd768,same_group,1.00,,Shared group: Algorithms and Complexity Group
p_4fc01d6873af,p_a94928a1c583,same_group,1.00,,Shared group: Algorithms and Complexity Group
p_4fc01d6873af,p_ad6993f05ccc,same_group,1.00,,Shared group: Algorithms and Complexity Group
p_4fc01d6873af,p_b3a0f268994f,same_group,1.00,,Shared group: Algorithms and Complexity Group
p_4fc01d6873af,p_b6f5c5402d18,same_group,1.00,,Shared group: Algorithms and Complexity Group
p_4fc01d6873af,p_b7d7331a7460,same_group,1.00,,Shared group: Algorithms and Complexity Group
p_4fc01d6873af,p_bc88d0286909,same_group,1.00,,Shared group: Algorithms and Complexity Group
p_4fc01d6873af,p_bdf69ab58730,same_group,1.00,,Shared group: Algorithms and Complexity Group
p_4fc01d6873af,p_c28424c7cff8,same_group,1.00,,Shared group: Algorithms and Complexity Group
p_4fc01d6873af,p_c4e79a8aedca,same_group,1.00,,Shared group: Algorithms and Complexity Group
p_4fc01d6873af,p_c8b99d53c18a,same_group,1.00,,Shared group: Algorithms and Complexity Group
p_4fc01d6873af,p_ca1dc2eed7f6,same_group,1.00,,Shared group: Algorithms and Complexity Group
p_4fc01d6873af,p_ca4a99f213dc,same_group,1.00,,Shared group: Algorithms and Complexity Group
p_4fc01d6873af,p_cc44e04be967,same_group,1.00,,Shared group: Algorithms and Complexity Group
p_4fc01d6873af,p_d48e4ef31772,same_group,1.00,,Shared group: Algorithms and Complexity Group
p_4fc01d6873af,p_d54412518e1d,same_group,1.00,,Shared group: Algorithms and Complexity Group
p_4fc01d6873af,p_d59111e0cf6d,same_group,1.00,,Shared group: Algorithms and Complexity Group
p_4fc01d6873af,p_d6acc5297b85,same_group,1.00,,Shared group: Algorithms and Complexity Group
p_4fc01d6873af,p_d96513056fad,same_group,1.00,,Shared group: Algorithms and Complexity Group
p_4fc01d6873af,p_d979c0609bb0,same_group,1.00,,Shared group: Algorithms and Complexity Group
p_4fc01d6873af,p_e3bdbee9f327,same_group,1.00,,Shared group: Algorithms and Complexity Group
p_4fc01d6873af,p_f0796af1f964,same_group,1.00,,Shared group: Algorithms and Complexity Group
p_4fc01d6873af,p_f5aae7a1da7f,same_group,1.00,,Shared group: Algorithms and Complexity Group
p_4fc01d6873af,p_f69c45a1adca,same_group,1.00,,Shared group: Algorithms and Complexity Group
p_4fc01d6873af,p_f6ca4ba0d6a3,same_group,1.00,,Shared group: Algorithms and Complexity Group
p_4fc01d6873af,p_f91fbfeafc03,same_group,1.00,,Shared group: Algorithms and Complexity Group
p_4fc01d6873af,p_f9a0dfb82f0c,same_group,1.00,,Shared group: Algorithms and Complexity Group
p_4fc01d6873af,p_faf0432d7287,same_group,1.00,,Shared group: Algorithms and Complexity Group
p_4fc01d6873af,p_faf72768d249,same_group,1.00,,Shared group: Algorithms and Complexity Group
p_4fc01d6873af,p_fc085ff11435,same_group,1.00,,Shared group: Algorithms and Complexity Group
p_4fc01d6873af,p_fe4fedd24693,same_group,1.00,,Shared group: Algorithms and Complexity Group
p_57e81a33799a,p_5ba48ee11139,same_group,1.00,,Shared group: Algorithms and Complexity Group
p_57e81a33799a,p_6b040c1875f9,same_group,1.00,,Shared group: Algorithms and Complexity Group
p_57e81a33799a,p_77cacdbdd3f6,same_group,1.00,,Shared group: Algorithms and Complexity Group
p_57e81a33799a,p_7875be5ed0ba,same_group,1.00,,Shared group: Algorithms and Complexity Group
p_57e81a33799a,p_809af1dac0a0,same_group,1.00,,Shared group: Algorithms and Complexity Group
p_57e81a33799a,p_83c0e77cd9b3,same_group,1.00,,Shared group: Algorithms and Complexity Group
p_57e81a33799a,p_8a50c5542f0a,same_group,1.00,,Shared group: Algorithms and Complexity Group
p_57e81a33799a,p_92f17fe87fab,same_group,1.00,,Shared group: Algorithms and Complexity Group
p_57e81a33799a,p_96c3dfdf7ef9,same_group,1.00,,Shared group: Algorithms and Complexity Group
p_57e81a33799a,p_98110fe30104,same_group,1.00,,Shared group: Algorithms and Complexity Group
p_57e81a33799a,p_98cd99958f30,same_group,1.00,,Shared group: Algorithms and Complexity Group
p_57e81a33799a,p_9bbf7296597f,same_group,1.00,,Shared group: Algorithms and Complexity Group
p_57e81a33799a,p_9d16806563dc,same_group,1.00,,Shared group: Algorithms and Complexity Group
p_57e81a33799a,p_a3572a58b762,same_group,1.00,,Shared group: Algorithms and Complexity Group
p_57e81a33799a,p_a41459cdd768,same_group,1.00,,Shared group: Algorithms and Complexity Group
p_57e81a33799a,p_a94928a1c583,same_group,1.00,,Shared group: Algorithms and Complexity Group
p_57e81a33799a,p_ad6993f05ccc,same_group,1.00,,Shared group: Algorithms and Complexity Group
p_57e81a33799a,p_b3a0f268994f,same_group,1.00,,Shared group: Algorithms and Complexity Group
p_57e81a33799a,p_b6f5c5402d18,same_group,1.00,,Shared group: Algorithms and Complexity Group
p_57e81a33799a,p_b7d7331a7460,same_group,1.00,,Shared group: Algorithms and Complexity Group
p_57e81a33799a,p_bc88d0286909,same_group,1.00,,Shared group: Algorithms and Complexity Group
p_57e81a33799a,p_bdf69ab58730,same_group,1.00,,Shared group: Algorithms and Complexity Group
p_57e81a33799a,p_c28424c7cff8,same_group,1.00,,Shared group: Algorithms and Complexity Group
p_57e81a33799a,p_c4e79a8aedca,same_group,1.00,,Shared group: Algorithms and Complexity Group
p_57e81a33799a,p_c8b99d53c18a,same_group,1.00,,Shared group: Algorithms and Complexity Group
p_57e81a33799a,p_ca1dc2eed7f6,same_group,1.00,,Shared group: Algorithms and Complexity Group
p_57e81a33799a,p_ca4a99f213dc,same_group,1.00,,Shared group: Algorithms and Complexity Group
p_57e81a33799a,p_cc44e04be967,same_group,1.00,,Shared group: Algorithms and Complexity Group
p_57e81a33799a,p_d48e4ef31772,same_group,1.00,,Shared group: Algorithms and Complexity Group
p_57e81a33799a,p_d54412518e1d,same_group,1.00,,Shared group: Algorithms and Complexity Group
p_57e81a33799a,p_d59111e0cf6d,same_group,1.00,,Shared group: Algorithms and Complexity Group
p_57e81a33799a,p_d6acc5297b85,same_group,1.00,,Shared group: Algorithms and Complexity Group
p_57e81a33799a,p_d96513056fad,same_group,1.00,,Shared group: Algorithms and Complexity Group
p_57e81a33799a,p_d979c0609bb0,same_group,1.00,,Shared group: Algorithms and Complexity Group
p_57e81a33799a,p_e3bdbee9f327,same_group,1.00,,Shared group: Algorithms and Complexity Group
p_57e81a33799a,p_f0796af1f964,same_group,1.00,,Shared group: Algorithms and Complexity Group
p_57e81a33799a,p_f5aae7a1da7f,same_group,1.00,,Shared group: Algorithms and Complexity Group
p_57e81a33799a,p_f69c45a1adca,same_group,1.00,,Shared group: Algorithms and Complexity Group
p_57e81a33799a,p_f6ca4ba0d6a3,same_group,1.00,,Shared group: Algorithms and Complexity Group
p_57e81a33799a,p_f91fbfeafc03,same_group,1.00,,Shared group: Algorithms and Complexity Group
p_57e81a33799a,p_f9a0dfb82f0c,same_group,1.00,,Shared group: Algorithms and Complexity Group
p_57e81a33799a,p_faf0432d7287,same_group,1.00,,Shared group: Algorithms and Complexity Group
p_57e81a33799a,p_faf72768d249,same_group,1.00,,Shared group: Algorithms and Complexity Group
p_57e81a33799a,p_fc085ff11435,same_group,1.00,,Shared group: Algorithms and Complexity Group
p_57e81a33799a,p_fe4fedd24693,same_group,1.00,,Shared group: Algorithms and Complexity Group
p_5ba48ee11139,p_6b040c1875f9,same_group,1.00,,Shared group: Algorithms and Complexity Group
p_5ba48ee11139,p_77cacdbdd3f6,same_group,1.00,,Shared group: Algorithms and Complexity Group
p_5ba48ee11139,p_7875be5ed0ba,same_group,1.00,,Shared group: Algorithms and Complexity Group
p_5ba48ee11139,p_809af1dac0a0,same_group,1.00,,Shared group: Algorithms and Complexity Group
p_5ba48ee11139,p_83c0e77cd9b3,same_group,1.00,,Shared group: Algorithms and Complexity Group
p_5ba48ee11139,p_8a50c5542f0a,same_group,1.00,,Shared group: Algorithms and Complexity Group
p_5ba48ee11139,p_92f17fe87fab,same_group,1.00,,Shared group: Algorithms and Complexity Group
p_5ba48ee11139,p_96c3dfdf7ef9,same_group,1.00,,Shared group: Algorithms and Complexity Group
p_5ba48ee11139,p_98110fe30104,same_group,1.00,,Shared group: Algorithms and Complexity Group
p_5ba48ee11139,p_98cd99958f30,same_group,1.00,,Shared group: Algorithms and Complexity Group
p_5ba48ee11139,p_9bbf7296597f,same_group,1.00,,Shared group: Algorithms and Complexity Group
p_5ba48ee11139,p_9d16806563dc,same_group,1.00,,Shared group: Algorithms and Complexity Group
p_5ba48ee11139,p_a3572a58b762,same_group,1.00,,Shared group: Algorithms and Complexity Group
p_5ba48ee11139,p_a41459cdd768,same_group,1.00,,Shared group: Algorithms and Complexity Group
p_5ba48ee11139,p_a94928a1c583,same_group,1.00,,Shared group: Algorithms and Complexity Group
p_5ba48ee11139,p_ad6993f05ccc,same_group,1.00,,Shared group: Algorithms and Complexity Group
p_5ba48ee11139,p_b3a0f268994f,same_group,1.00,,Shared group: Algorithms and Complexity Group
p_5ba48ee11139,p_b6f5c5402d18,same_group,1.00,,Shared group: Algorithms and Complexity Group
p_5ba48ee11139,p_b7d7331a7460,same_group,1.00,,Shared group: Algorithms and Complexity Group
p_5ba48ee11139,p_bc88d0286909,same_group,1.00,,Shared group: Algorithms and Complexity Group
p_5ba48ee11139,p_bdf69ab58730,same_group,1.00,,Shared group: Algorithms and Complexity Group
p_5ba48ee11139,p_c28424c7cff8,same_group,1.00,,Shared group: Algorithms and Complexity Group
p_5ba48ee11139,p_c4e79a8aedca,same_group,1.00,,Shared group: Algorithms and Complexity Group
p_5ba48ee11139,p_c8b99d53c18a,same_group,1.00,,Shared group: Algorithms and Complexity Group
p_5ba48ee11139,p_ca1dc2eed7f6,same_group,1.00,,Shared group: Algorithms and Complexity Group
p_5ba48ee11139,p_ca4a99f213dc,same_group,1.00,,Shared group: Algorithms and Complexity Group
p_5ba48ee11139,p_cc44e04be967,same_group,1.00,,Shared group: Algorithms and Complexity Group
p_5ba48ee11139,p_d48e4ef31772,same_group,1.00,,Shared group: Algorithms and Complexity Group
p_5ba48ee11139,p_d54412518e1d,same_group,1.00,,Shared group: Algorithms and Complexity Group
p_5ba48ee11139,p_d59111e0cf6d,same_group,1.00,,Shared group: Algorithms and Complexity Group
p_5ba48ee11139,p_d6acc5297b85,same_group,1.00,,Shared group: Algorithms and Complexity Group
p_5ba48ee11139,p_d96513056fad,same_group,1.00,,Shared group: Algorithms and Complexity Group
p_5ba48ee11139,p_d979c0609bb0,same_group,1.00,,Shared group: Algorithms and Complexity Group
p_5ba48ee11139,p_e3bdbee9f327,same_group,1.00,,Shared group: Algorithms and Complexity Group
p_5ba48ee11139,p_f0796af1f964,same_group,1.00,,Shared group: Algorithms and Complexity Group
p_5ba48ee11139,p_f5aae7a1da7f,same_group,1.00,,Shared group: Algorithms and Complexity Group
p_5ba48ee11139,p_f69c45a1adca,same_group,1.00,,Shared group: Algorithms and Complexity Group
p_5ba48ee11139,p_f6ca4ba0d6a3,same_group,1.00,,Shared group: Algorithms and Complexity Group
p_5ba48ee11139,p_f91fbfeafc03,same_group,1.00,,Shared group: Algorithms and Complexity Group
p_5ba48ee11139,p_f9a0dfb82f0c,same_group,1.00,,Shared group: Algorithms and Complexity Group
p_5ba48ee11139,p_faf0432d7287,same_group,1.00,,Shared group: Algorithms and Complexity Group
p_5ba48ee11139,p_faf72768d249,same_group,1.00,,Shared group: Algorithms and Complexity Group
p_5ba48ee11139,p_fc085ff11435,same_group,1.00,,Shared group: Algorithms and Complexity Group
p_5ba48ee11139,p_fe4fedd24693,same_group,1.00,,Shared group: Algorithms and Complexity Group
p_6b040c1875f9,p_77cacdbdd3f6,same_group,1.00,,Shared group: Algorithms and Complexity Group
p_6b040c1875f9,p_7875be5ed0ba,same_group,1.00,,Shared group: Algorithms and Complexity Group
p_6b040c1875f9,p_809af1dac0a0,same_group,1.00,,Shared group: Algorithms and Complexity Group
p_6b040c1875f9,p_83c0e77cd9b3,same_group,1.00,,Shared group: Algorithms and Complexity Group
p_6b040c1875f9,p_8a50c5542f0a,same_group,1.00,,Shared group: Algorithms and Complexity Group
p_6b040c1875f9,p_92f17fe87fab,same_group,1.00,,Shared group: Algorithms and Complexity Group
p_6b040c1875f9,p_96c3dfdf7ef9,same_group,1.00,,Shared group: Algorithms and Complexity Group
p_6b040c1875f9,p_98110fe30104,same_group,1.00,,Shared group: Algorithms and Complexity Group
p_6b040c1875f9,p_98cd99958f30,same_group,1.00,,Shared group: Algorithms and Complexity Group
p_6b040c1875f9,p_9bbf7296597f,same_group,1.00,,Shared group: Algorithms and Complexity Group
p_6b040c1875f9,p_9d16806563dc,same_group,1.00,,Shared group: Algorithms and Complexity Group
p_6b040c1875f9,p_a3572a58b762,same_group,1.00,,Shared group: Algorithms and Complexity Group
p_6b040c1875f9,p_a41459cdd768,same_group,1.00,,Shared group: Algorithms and Complexity Group
p_6b040c1875f9,p_a94928a1c583,same_group,1.00,,Shared group: Algorithms and Complexity Group
p_6b040c1875f9,p_ad6993f05ccc,same_group,1.00,,Shared group: Algorithms and Complexity Group
p_6b040c1875f9,p_b3a0f268994f,same_group,1.00,,Shared group: Algorithms and Complexity Group
p_6b040c1875f9,p_b6f5c5402d18,same_group,1.00,,Shared group: Algorithms and Complexity Group
p_6b040c1875f9,p_b7d7331a7460,same_group,1.00,,Shared group: Algorithms and Complexity Group
p_6b040c1875f9,p_bc88d0286909,same_group,1.00,,Shared group: Algorithms and Complexity Group
p_6b040c1875f9,p_bdf69ab58730,same_group,1.00,,Shared group: Algorithms and Complexity Group
p_6b040c1875f9,p_c28424c7cff8,same_group,1.00,,Shared group: Algorithms and Complexity Group
p_6b040c1875f9,p_c4e79a8aedca,same_group,1.00,,Shared group: Algorithms and Complexity Group
p_6b040c1875f9,p_c8b99d53c18a,same_group,1.00,,Shared group: Algorithms and Complexity Group
p_6b040c1875f9,p_ca1dc2eed7f6,same_group,1.00,,Shared group: Algorithms and Complexity Group
p_6b040c1875f9,p_ca4a99f213dc,same_group,1.00,,Shared group: Algorithms and Complexity Group
p_6b040c1875f9,p_cc44e04be967,same_group,1.00,,Shared group: Algorithms and Complexity Group
p_6b040c1875f9,p_d48e4ef31772,same_group,1.00,,Shared group: Algorithms and Complexity Group
p_6b040c1875f9,p_d54412518e1d,same_group,1.00,,Shared group: Algorithms and Complexity Group
p_6b040c1875f9,p_d59111e0cf6d,same_group,1.00,,Shared group: Algorithms and Complexity Group
p_6b040c1875f9,p_d6acc5297b85,same_group,1.00,,Shared group: Algorithms and Complexity Group
p_6b040c1875f9,p_d96513056fad,same_group,1.00,,Shared group: Algorithms and Complexity Group
p_6b040c1875f9,p_d979c0609bb0,same_group,1.00,,Shared group: Algorithms and Complexity Group
p_6b040c1875f9,p_e3bdbee9f327,same_group,1.00,,Shared group: Algorithms and Complexity Group
p_6b040c1875f9,p_f0796af1f964,same_group,1.00,,Shared group: Algorithms and Complexity Group
p_6b040c1875f9,p_f5aae7a1da7f,same_group,1.00,,Shared group: Algorithms and Complexity Group
p_6b040c1875f9,p_f69c45a1adca,same_group,1.00,,Shared group: Algorithms and Complexity Group
p_6b040c1875f9,p_f6ca4ba0d6a3,same_group,1.00,,Shared group: Algorithms and Complexity Group
p_6b040c1875f9,p_f91fbfeafc03,same_group,1.00,,Shared group: Algorithms and Complexity Group
p_6b040c1875f9,p_f9a0dfb82f0c,same_group,1.00,,Shared group: Algorithms and Complexity Group
p_6b040c1875f9,p_faf0432d7287,same_group,1.00,,Shared group: Algorithms and Complexity Group
p_6b040c1875f9,p_faf72768d249,same_group,1.00,,Shared group: Algorithms and Complexity Group
p_6b040c1875f9,p_fc085ff11435,same_group,1.00,,Shared group: Algorithms and Complexity Group
p_6b040c1875f9,p_fe4fedd24693,same_group,1.00,,Shared group: Algorithms and Complexity Group
p_77cacdbdd3f6,p_7875be5ed0ba,same_group,1.00,,Shared group: Algorithms and Complexity Group
p_77cacdbdd3f6,p_809af1dac0a0,same_group,1.00,,Shared group: Algorithms and Complexity Group
p_77cacdbdd3f6,p_83c0e77cd9b3,same_group,1.00,,Shared group: Algorithms and Complexity Group
p_77cacdbdd3f6,p_8a50c5542f0a,same_group,1.00,,Shared group: Algorithms and Complexity Group
p_77cacdbdd3f6,p_92f17fe87fab,same_group,1.00,,Shared group: Algorithms and Complexity Group
p_77cacdbdd3f6,p_96c3dfdf7ef9,same_group,1.00,,Shared group: Algorithms and Complexity Group
p_77cacdbdd3f6,p_98110fe30104,same_group,1.00,,Shared group: Algorithms and Complexity Group
p_77cacdbdd3f6,p_98cd99958f30,same_group,1.00,,Shared group: Algorithms and Complexity Group
p_77cacdbdd3f6,p_9bbf7296597f,same_group,1.00,,Shared group: Algorithms and Complexity Group
p_77cacdbdd3f6,p_9d16806563dc,same_group,1.00,,Shared group: Algorithms and Complexity Group
p_77cacdbdd3f6,p_a3572a58b762,same_group,1.00,,Shared group: Algorithms and Complexity Group
p_77cacdbdd3f6,p_a41459cdd768,same_group,1.00,,Shared group: Algorithms and Complexity Group
p_77cacdbdd3f6,p_a94928a1c583,same_group,1.00,,Shared group: Algorithms and Complexity Group
p_77cacdbdd3f6,p_ad6993f05ccc,same_group,1.00,,Shared group: Algorithms and Complexity Group
p_77cacdbdd3f6,p_b3a0f268994f,same_group,1.00,,Shared group: Algorithms and Complexity Group
p_77cacdbdd3f6,p_b6f5c5402d18,same_group,1.00,,Shared group: Algorithms and Complexity Group
p_77cacdbdd3f6,p_b7d7331a7460,same_group,1.00,,Shared group: Algorithms and Complexity Group
p_77cacdbdd3f6,p_bc88d0286909,same_group,1.00,,Shared group: Algorithms and Complexity Group
p_77cacdbdd3f6,p_bdf69ab58730,same_group,1.00,,Shared group: Algorithms and Complexity Group
p_77cacdbdd3f6,p_c28424c7cff8,same_group,1.00,,Shared group: Algorithms and Complexity Group
p_77cacdbdd3f6,p_c4e79a8aedca,same_group,1.00,,Shared group: Algorithms and Complexity Group
p_77cacdbdd3f6,p_c8b99d53c18a,same_group,1.00,,Shared group: Algorithms and Complexity Group
p_77cacdbdd3f6,p_ca1dc2eed7f6,same_group,1.00,,Shared group: Algorithms and Complexity Group
p_77cacdbdd3f6,p_ca4a99f213dc,same_group,1.00,,Shared group: Algorithms and Complexity Group
p_77cacdbdd3f6,p_cc44e04be967,same_group,1.00,,Shared group: Algorithms and Complexity Group
p_77cacdbdd3f6,p_d48e4ef31772,same_group,1.00,,Shared group: Algorithms and Complexity Group
p_77cacdbdd3f6,p_d54412518e1d,same_group,1.00,,Shared group: Algorithms and Complexity Group
p_77cacdbdd3f6,p_d59111e0cf6d,same_group,1.00,,Shared group: Algorithms and Complexity Group
p_77cacdbdd3f6,p_d6acc5297b85,same_group,1.00,,Shared group: Algorithms and Complexity Group
p_77cacdbdd3f6,p_d96513056fad,same_group,1.00,,Shared group: Algorithms and Complexity Group
p_77cacdbdd3f6,p_d979c0609bb0,same_group,1.00,,Shared group: Algorithms and Complexity Group
p_77cacdbdd3f6,p_e3bdbee9f327,same_group,1.00,,Shared group: Algorithms and Complexity Group
p_77cacdbdd3f6,p_f0796af1f964,same_group,1.00,,Shared group: Algorithms and Complexity Group
p_77cacdbdd3f6,p_f5aae7a1da7f,same_group,1.00,,Shared group: Algorithms and Complexity Group
p_77cacdbdd3f6,p_f69c45a1adca,same_group,1.00,,Shared group: Algorithms and Complexity Group
p_77cacdbdd3f6,p_f6ca4ba0d6a3,same_group,1.00,,Shared group: Algorithms and Complexity Group
p_77cacdbdd3f6,p_f91fbfeafc03,same_group,1.00,,Shared group: Algorithms and Complexity Group
p_77cacdbdd3f6,p_f9a0dfb82f0c,same_group,1.00,,Shared group: Algorithms and Complexity Group
p_77cacdbdd3f6,p_faf0432d7287,same_group,1.00,,Shared group: Algorithms and Complexity Group
p_77cacdbdd3f6,p_faf72768d249,same_group,1.00,,Shared group: Algorithms and Complexity Group
p_77cacdbdd3f6,p_fc085ff11435,same_group,1.00,,Shared group: Algorithms and Complexity Group
p_77cacdbdd3f6,p_fe4fedd24693,same_group,1.00,,Shared group: Algorithms and Complexity Group
p_7875be5ed0ba,p_809af1dac0a0,same_group,1.00,,Shared group: Algorithms and Complexity Group
p_7875be5ed0ba,p_83c0e77cd9b3,same_group,1.00,,Shared group: Algorithms and Complexity Group
p_7875be5ed0ba,p_8a50c5542f0a,same_group,1.00,,Shared group: Algorithms and Complexity Group
p_7875be5ed0ba,p_92f17fe87fab,same_group,1.00,,Shared group: Algorithms and Complexity Group
p_7875be5ed0ba,p_96c3dfdf7ef9,same_group,1.00,,Shared group: Algorithms and Complexity Group
p_7875be5ed0ba,p_98110fe30104,same_group,1.00,,Shared group: Algorithms and Complexity Group
p_7875be5ed0ba,p_98cd99958f30,same_group,1.00,,Shared group: Algorithms and Complexity Group
p_7875be5ed0ba,p_9bbf7296597f,same_group,1.00,,Shared group: Algorithms and Complexity Group
p_7875be5ed0ba,p_9d16806563dc,same_group,1.00,,Shared group: Algorithms and Complexity Group
p_7875be5ed0ba,p_a3572a58b762,same_group,1.00,,Shared group: Algorithms and Complexity Group
p_7875be5ed0ba,p_a41459cdd768,same_group,1.00,,Shared group: Algorithms and Complexity Group
p_7875be5ed0ba,p_a94928a1c583,same_group,1.00,,Shared group: Algorithms and Complexity Group
p_7875be5ed0ba,p_ad6993f05ccc,same_group,1.00,,Shared group: Algorithms and Complexity Group
p_7875be5ed0ba,p_b3a0f268994f,same_group,1.00,,Shared group: Algorithms and Complexity Group
p_7875be5ed0ba,p_b6f5c5402d18,same_group,1.00,,Shared group: Algorithms and Complexity Group
p_7875be5ed0ba,p_b7d7331a7460,same_group,1.00,,Shared group: Algorithms and Complexity Group
p_7875be5ed0ba,p_bc88d0286909,same_group,1.00,,Shared group: Algorithms and Complexity Group
p_7875be5ed0ba,p_bdf69ab58730,same_group,1.00,,Shared group: Algorithms and Complexity Group
p_7875be5ed0ba,p_c28424c7cff8,same_group,1.00,,Shared group: Algorithms and Complexity Group
p_7875be5ed0ba,p_c4e79a8aedca,same_group,1.00,,Shared group: Algorithms and Complexity Group
p_7875be5ed0ba,p_c8b99d53c18a,same_group,1.00,,Shared group: Algorithms and Complexity Group
p_7875be5ed0ba,p_ca1dc2eed7f6,same_group,1.00,,Shared group: Algorithms and Complexity Group
p_7875be5ed0ba,p_ca4a99f213dc,same_group,1.00,,Shared group: Algorithms and Complexity Group
p_7875be5ed0ba,p_cc44e04be967,same_group,1.00,,Shared group: Algorithms and Complexity Group
p_7875be5ed0ba,p_d48e4ef31772,same_group,1.00,,Shared group: Algorithms and Complexity Group
p_7875be5ed0ba,p_d54412518e1d,same_group,1.00,,Shared group: Algorithms and Complexity Group
p_7875be5ed0ba,p_d59111e0cf6d,same_group,1.00,,Shared group: Algorithms and Complexity Group
p_7875be5ed0ba,p_d6acc5297b85,same_group,1.00,,Shared group: Algorithms and Complexity Group
p_7875be5ed0ba,p_d96513056fad,same_group,1.00,,Shared group: Algorithms and Complexity Group
p_7875be5ed0ba,p_d979c0609bb0,same_group,1.00,,Shared group: Algorithms and Complexity Group
p_7875be5ed0ba,p_e3bdbee9f327,same_group,1.00,,Shared group: Algorithms and Complexity Group
p_7875be5ed0ba,p_f0796af1f964,same_group,1.00,,Shared group: Algorithms and Complexity Group
p_7875be5ed0ba,p_f5aae7a1da7f,same_group,1.00,,Shared group: Algorithms and Complexity Group
p_7875be5ed0ba,p_f69c45a1adca,same_group,1.00,,Shared group: Algorithms and Complexity Group
p_7875be5ed0ba,p_f6ca4ba0d6a3,same_group,1.00,,Shared group: Algorithms and Complexity Group
p_7875be5ed0ba,p_f91fbfeafc03,same_group,1.00,,Shared group: Algorithms and Complexity Group
p_7875be5ed0ba,p_f9a0dfb82f0c,same_group,1.00,,Shared group: Algorithms and Complexity Group
p_7875be5ed0ba,p_faf0432d7287,same_group,1.00,,Shared group: Algorithms and Complexity Group
p_7875be5ed0ba,p_faf72768d249,same_group,1.00,,Shared group: Algorithms and Complexity Group
p_7875be5ed0ba,p_fc085ff11435,same_group,1.00,,Shared group: Algorithms and Complexity Group
p_7875be5ed0ba,p_fe4fedd24693,same_group,1.00,,Shared group: Algorithms and Complexity Group
p_809af1dac0a0,p_83c0e77cd9b3,same_group,1.00,,Shared group: Algorithms and Complexity Group
p_809af1dac0a0,p_8a50c5542f0a,same_group,1.00,,Shared group: Algorithms and Complexity Group
p_809af1dac0a0,p_92f17fe87fab,same_group,1.00,,Shared group: Algorithms and Complexity Group
p_809af1dac0a0,p_96c3dfdf7ef9,same_group,1.00,,Shared group: Algorithms and Complexity Group
p_809af1dac0a0,p_98110fe30104,same_group,1.00,,Shared group: Algorithms and Complexity Group
p_809af1dac0a0,p_98cd99958f30,same_group,1.00,,Shared group: Algorithms and Complexity Group
p_809af1dac0a0,p_9bbf7296597f,same_group,1.00,,Shared group: Algorithms and Complexity Group
p_809af1dac0a0,p_9d16806563dc,same_group,1.00,,Shared group: Algorithms and Complexity Group
p_809af1dac0a0,p_a3572a58b762,same_group,1.00,,Shared group: Algorithms and Complexity Group
p_809af1dac0a0,p_a41459cdd768,same_group,1.00,,Shared group: Algorithms and Complexity Group
p_809af1dac0a0,p_a94928a1c583,same_group,1.00,,Shared group: Algorithms and Complexity Group
p_809af1dac0a0,p_ad6993f05ccc,same_group,1.00,,Shared group: Algorithms and Complexity Group
p_809af1dac0a0,p_b3a0f268994f,same_group,1.00,,Shared group: Algorithms and Complexity Group
p_809af1dac0a0,p_b6f5c5402d18,same_group,1.00,,Shared group: Algorithms and Complexity Group
p_809af1dac0a0,p_b7d7331a7460,same_group,1.00,,Shared group: Algorithms and Complexity Group
p_809af1dac0a0,p_bc88d0286909,same_group,1.00,,Shared group: Algorithms and Complexity Group
p_809af1dac0a0,p_bdf69ab58730,same_group,1.00,,Shared group: Algorithms and Complexity Group
p_809af1dac0a0,p_c28424c7cff8,same_group,1.00,,Shared group: Algorithms and Complexity Group
p_809af1dac0a0,p_c4e79a8aedca,same_group,1.00,,Shared group: Algorithms and Complexity Group
p_809af1dac0a0,p_c8b99d53c18a,same_group,1.00,,Shared group: Algorithms and Complexity Group
p_809af1dac0a0,p_ca1dc2eed7f6,same_group,1.00,,Shared group: Algorithms and Complexity Group
p_809af1dac0a0,p_ca4a99f213dc,same_group,1.00,,Shared group: Algorithms and Complexity Group
p_809af1dac0a0,p_cc44e04be967,same_group,1.00,,Shared group: Algorithms and Complexity Group
p_809af1dac0a0,p_d48e4ef31772,same_group,1.00,,Shared group: Algorithms and Complexity Group
p_809af1dac0a0,p_d54412518e1d,same_group,1.00,,Shared group: Algorithms and Complexity Group
p_809af1dac0a0,p_d59111e0cf6d,same_group,1.00,,Shared group: Algorithms and Complexity Group
p_809af1dac0a0,p_d6acc5297b85,same_group,1.00,,Shared group: Algorithms and Complexity Group
p_809af1dac0a0,p_d96513056fad,same_group,1.00,,Shared group: Algorithms and Complexity Group
p_809af1dac0a0,p_d979c0609bb0,same_group,1.00,,Shared group: Algorithms and Complexity Group
p_809af1dac0a0,p_e3bdbee9f327,same_group,1.00,,Shared group: Algorithms and Complexity Group
p_809af1dac0a0,p_f0796af1f964,same_group,1.00,,Shared group: Algorithms and Complexity Group
p_809af1dac0a0,p_f5aae7a1da7f,same_group,1.00,,Shared group: Algorithms and Complexity Group
p_809af1dac0a0,p_f69c45a1adca,same_group,1.00,,Shared group: Algorithms and Complexity Group
p_809af1dac0a0,p_f6ca4ba0d6a3,same_group,1.00,,Shared group: Algorithms and Complexity Group
p_809af1dac0a0,p_f91fbfeafc03,same_group,1.00,,Shared group: Algorithms and Complexity Group
p_809af1dac0a0,p_f9a0dfb82f0c,same_group,1.00,,Shared group: Algorithms and Complexity Group
p_809af1dac0a0,p_faf0432d7287,same_group,1.00,,Shared group: Algorithms and Complexity Group
p_809af1dac0a0,p_faf72768d249,same_group,1.00,,Shared group: Algorithms and Complexity Group
p_809af1dac0a0,p_fc085ff11435,same_group,1.00,,Shared group: Algorithms and Complexity Group
p_809af1dac0a0,p_fe4fedd24693,same_group,1.00,,Shared group: Algorithms and Complexity Group
p_83b541e9bcf1,p_dc4fb3952406,same_group,1.00,,Shared group: Theory of Living Matter Group
p_83c0e77cd9b3,p_8a50c5542f0a,same_group,1.00,,Shared group: Algorithms and Complexity Group
p_83c0e77cd9b3,p_92f17fe87fab,same_group,1.00,,Shared group: Algorithms and Complexity Group
p_83c0e77cd9b3,p_96c3dfdf7ef9,same_group,1.00,,Shared group: Algorithms and Complexity Group
p_83c0e77cd9b3,p_98110fe30104,same_group,1.00,,Shared group: Algorithms and Complexity Group
p_83c0e77cd9b3,p_98cd99958f30,same_group,1.00,,Shared group: Algorithms and Complexity Group
p_83c0e77cd9b3,p_9bbf7296597f,same_group,1.00,,Shared group: Algorithms and Complexity Group
p_83c0e77cd9b3,p_9d16806563dc,same_group,1.00,,Shared group: Algorithms and Complexity Group
p_83c0e77cd9b3,p_a3572a58b762,same_group,1.00,,Shared group: Algorithms and Complexity Group
p_83c0e77cd9b3,p_a41459cdd768,same_group,1.00,,Shared group: Algorithms and Complexity Group
p_83c0e77cd9b3,p_a94928a1c583,same_group,1.00,,Shared group: Algorithms and Complexity Group
p_83c0e77cd9b3,p_ad6993f05ccc,same_group,1.00,,Shared group: Algorithms and Complexity Group
p_83c0e77cd9b3,p_b3a0f268994f,same_group,1.00,,Shared group: Algorithms and Complexity Group
p_83c0e77cd9b3,p_b6f5c5402d18,same_group,1.00,,Shared group: Algorithms and Complexity Group
p_83c0e77cd9b3,p_b7d7331a7460,same_group,1.00,,Shared group: Algorithms and Complexity Group
p_83c0e77cd9b3,p_bc88d0286909,same_group,1.00,,Shared group: Algorithms and Complexity Group
p_83c0e77cd9b3,p_bdf69ab58730,same_group,1.00,,Shared group: Algorithms and Complexity Group
p_83c0e77cd9b3,p_c28424c7cff8,same_group,1.00,,Shared group: Algorithms and Complexity Group
p_83c0e77cd9b3,p_c4e79a8aedca,same_group,1.00,,Shared group: Algorithms and Complexity Group
p_83c0e77cd9b3,p_c8b99d53c18a,same_group,1.00,,Shared group: Algorithms and Complexity Group
p_83c0e77cd9b3,p_ca1dc2eed7f6,same_group,1.00,,Shared group: Algorithms and Complexity Group
p_83c0e77cd9b3,p_ca4a99f213dc,same_group,1.00,,Shared group: Algorithms and Complexity Group
p_83c0e77cd9b3,p_cc44e04be967,same_group,1.00,,Shared group: Algorithms and Complexity Group
p_83c0e77cd9b3,p_d48e4ef31772,same_group,1.00,,Shared group: Algorithms and Complexity Group
p_83c0e77cd9b3,p_d54412518e1d,same_group,1.00,,Shared group: Algorithms and Complexity Group
p_83c0e77cd9b3,p_d59111e0cf6d,same_group,1.00,,Shared group: Algorithms and Complexity Group
p_83c0e77cd9b3,p_d6acc5297b85,same_group,1.00,,Shared group: Algorithms and Complexity Group
p_83c0e77cd9b3,p_d96513056fad,same_group,1.00,,Shared group: Algorithms and Complexity Group
p_83c0e77cd9b3,p_d979c0609bb0,same_group,1.00,,Shared group: Algorithms and Complexity Group
p_83c0e77cd9b3,p_e3bdbee9f327,same_group,1.00,,Shared group: Algorithms and Complexity Group
p_83c0e77cd9b3,p_f0796af1f964,same_group,1.00,,Shared group: Algorithms and Complexity Group
p_83c0e77cd9b3,p_f5aae7a1da7f,same_group,1.00,,Shared group: Algorithms and Complexity Group
p_83c0e77cd9b3,p_f69c45a1adca,same_group,1.00,,Shared group: Algorithms and Complexity Group
p_83c0e77cd9b3,p_f6ca4ba0d6a3,same_group,1.00,,Shared group: Algorithms and Complexity Group
p_83c0e77cd9b3,p_f91fbfeafc03,same_group,1.00,,Shared group: Algorithms and Complexity Group
p_83c0e77cd9b3,p_f9a0dfb82f0c,same_group,1.00,,Shared group: Algorithms and Complexity Group
p_83c0e77cd9b3,p_faf0432d7287,same_group,1.00,,Shared group: Algorithms and Complexity Group
p_83c0e77cd9b3,p_faf72768d249,same_group,1.00,,Shared group: Algorithms and Complexity Group
p_83c0e77cd9b3,p_fc085ff11435,same_group,1.00,,Shared group: Algorithms and Complexity Group
p_83c0e77cd9b3,p_fe4fedd24693,same_group,1.00,,Shared group: Algorithms and Complexity Group
p_8a50c5542f0a,p_92f17fe87fab,same_group,1.00,,Shared group: Algorithms and Complexity Group
p_8a50c5542f0a,p_96c3dfdf7ef9,same_group,1.00,,Shared group: Algorithms and Complexity Group
p_8a50c5542f0a,p_98110fe30104,same_group,1.00,,Shared group: Algorithms and Complexity Group
p_8a50c5542f0a,p_98cd99958f30,same_group,1.00,,Shared group: Algorithms and Complexity Group
p_8a50c5542f0a,p_9bbf7296597f,same_group,1.00,,Shared group: Algorithms and Complexity Group
p_8a50c5542f0a,p_9d16806563dc,same_group,1.00,,Shared group: Algorithms and Complexity Group
p_8a50c5542f0a,p_a3572a58b762,same_group,1.00,,Shared group: Algorithms and Complexity Group
p_8a50c5542f0a,p_a41459cdd768,same_group,1.00,,Shared group: Algorithms and Complexity Group
p_8a50c5542f0a,p_a94928a1c583,same_group,1.00,,Shared group: Algorithms and Complexity Group
p_8a50c5542f0a,p_ad6993f05ccc,same_group,1.00,,Shared group: Algorithms and Complexity Group
p_8a50c5542f0a,p_b3a0f268994f,same_group,1.00,,Shared group: Algorithms and Complexity Group
p_8a50c5542f0a,p_b6f5c5402d18,same_group,1.00,,Shared group: Algorithms and Complexity Group
p_8a50c5542f0a,p_b7d7331a7460,same_group,1.00,,Shared group: Algorithms and Complexity Group
p_8a50c5542f0a,p_bc88d0286909,same_group,1.00,,Shared group: Algorithms and Complexity Group
p_8a50c5542f0a,p_bdf69ab58730,same_group,1.00,,Shared group: Algorithms and Complexity Group
p_8a50c5542f0a,p_c28424c7cff8,same_group,1.00,,Shared group: Algorithms and Complexity Group
p_8a50c5542f0a,p_c4e79a8aedca,same_group,1.00,,Shared group: Algorithms and Complexity Group
p_8a50c5542f0a,p_c8b99d53c18a,same_group,1.00,,Shared group: Algorithms and Complexity Group
p_8a50c5542f0a,p_ca1dc2eed7f6,same_group,1.00,,Shared group: Algorithms and Complexity Group
p_8a50c5542f0a,p_ca4a99f213dc,same_group,1.00,,Shared group: Algorithms and Complexity Group
p_8a50c5542f0a,p_cc44e04be967,same_group,1.00,,Shared group: Algorithms and Complexity Group
p_8a50c5542f0a,p_d48e4ef31772,same_group,1.00,,Shared group: Algorithms and Complexity Group
p_8a50c5542f0a,p_d54412518e1d,same_group,1.00,,Shared group: Algorithms and Complexity Group
p_8a50c5542f0a,p_d59111e0cf6d,same_group,1.00,,Shared group: Algorithms and Complexity Group
p_8a50c5542f0a,p_d6acc5297b85,same_group,1.00,,Shared group: Algorithms and Complexity Group
p_8a50c5542f0a,p_d96513056fad,same_group,1.00,,Shared group: Algorithms and Complexity Group
p_8a50c5542f0a,p_d979c0609bb0,same_group,1.00,,Shared group: Algorithms and Complexity Group
p_8a50c5542f0a,p_e3bdbee9f327,same_group,1.00,,Shared group: Algorithms and Complexity Group
p_8a50c5542f0a,p_f0796af1f964,same_group,1.00,,Shared group: Algorithms and Complexity Group
p_8a50c5542f0a,p_f5aae7a1da7f,same_group,1.00,,Shared group: Algorithms and Complexity Group
p_8a50c5542f0a,p_f69c45a1adca,same_group,1.00,,Shared group: Algorithms and Complexity Group
p_8a50c5542f0a,p_f6ca4ba0d6a3,same_group,1.00,,Shared group: Algorithms and Complexity Group
p_8a50c5542f0a,p_f91fbfeafc03,same_group,1.00,,Shared group: Algorithms and Complexity Group
p_8a50c5542f0a,p_f9a0dfb82f0c,same_group,1.00,,Shared group: Algorithms and Complexity Group
p_8a50c5542f0a,p_faf0432d7287,same_group,1.00,,Shared group: Algorithms and Complexity Group
p_8a50c5542f0a,p_faf72768d249,same_group,1.00,,Shared group: Algorithms and Complexity Group
p_8a50c5542f0a,p_fc085ff11435,same_group,1.00,,Shared group: Algorithms and Complexity Group
p_8a50c5542f0a,p_fe4fedd24693,same_group,1.00,,Shared group: Algorithms and Complexity Group
p_92f17fe87fab,p_96c3dfdf7ef9,same_group,1.00,,Shared group: Algorithms and Complexity Group
p_92f17fe87fab,p_98110fe30104,same_group,1.00,,Shared group: Algorithms and Complexity Group
p_92f17fe87fab,p_98cd99958f30,same_group,1.00,,Shared group: Algorithms and Complexity Group
p_92f17fe87fab,p_9bbf7296597f,same_group,1.00,,Shared group: Algorithms and Complexity Group
p_92f17fe87fab,p_9d16806563dc,same_group,1.00,,Shared group: Algorithms and Complexity Group
p_92f17fe87fab,p_a3572a58b762,same_group,1.00,,Shared group: Algorithms and Complexity Group
p_92f17fe87fab,p_a41459cdd768,same_group,1.00,,Shared group: Algorithms and Complexity Group
p_92f17fe87fab,p_a94928a1c583,same_group,1.00,,Shared group: Algorithms and Complexity Group
p_92f17fe87fab,p_ad6993f05ccc,same_group,1.00,,Shared group: Algorithms and Complexity Group
p_92f17fe87fab,p_b3a0f268994f,same_group,1.00,,Shared group: Algorithms and Complexity Group
p_92f17fe87fab,p_b6f5c5402d18,same_group,1.00,,Shared group: Algorithms and Complexity Group
p_92f17fe87fab,p_b7d7331a7460,same_group,1.00,,Shared group: Algorithms and Complexity Group
p_92f17fe87fab,p_bc88d0286909,same_group,1.00,,Shared group: Algorithms and Complexity Group
p_92f17fe87fab,p_bdf69ab58730,same_group,1.00,,Shared group: Algorithms and Complexity Group
p_92f17fe87fab,p_c28424c7cff8,same_group,1.00,,Shared group: Algorithms and Complexity Group
p_92f17fe87fab,p_c4e79a8aedca,same_group,1.00,,Shared group: Algorithms and Complexity Group
p_92f17fe87fab,p_c8b99d53c18a,same_group,1.00,,Shared group: Algorithms and Complexity Group
p_92f17fe87fab,p_ca1dc2eed7f6,same_group,1.00,,Shared group: Algorithms and Complexity Group
p_92f17fe87fab,p_ca4a99f213dc,same_group,1.00,,Shared group: Algorithms and Complexity Group
p_92f17fe87fab,p_cc44e04be967,same_group,1.00,,Shared group: Algorithms and Complexity Group
p_92f17fe87fab,p_d48e4ef31772,same_group,1.00,,Shared group: Algorithms and Complexity Group
p_92f17fe87fab,p_d54412518e1d,same_group,1.00,,Shared group: Algorithms and Complexity Group
p_92f17fe87fab,p_d59111e0cf6d,same_group,1.00,,Shared group: Algorithms and Complexity Group
p_92f17fe87fab,p_d6acc5297b85,same_group,1.00,,Shared group: Algorithms and Complexity Group
p_92f17fe87fab,p_d96513056fad,same_group,1.00,,Shared group: Algorithms and Complexity Group
p_92f17fe87fab,p_d979c0609bb0,same_group,1.00,,Shared group: Algorithms and Complexity Group
p_92f17fe87fab,p_e3bdbee9f327,same_group,1.00,,Shared group: Algorithms and Complexity Group
p_92f17fe87fab,p_f0796af1f964,same_group,1.00,,Shared group: Algorithms and Complexity Group
p_92f17fe87fab,p_f5aae7a1da7f,same_group,1.00,,Shared group: Algorithms and Complexity Group
p_92f17fe87fab,p_f69c45a1adca,same_group,1.00,,Shared group: Algorithms and Complexity Group
p_92f17fe87fab,p_f6ca4ba0d6a3,same_group,1.00,,Shared group: Algorithms and Complexity Group
p_92f17fe87fab,p_f91fbfeafc03,same_group,1.00,,Shared group: Algorithms and Complexity Group
p_92f17fe87fab,p_f9a0dfb82f0c,same_group,1.00,,Shared group: Algorithms and Complexity Group
p_92f17fe87fab,p_faf0432d7287,same_group,1.00,,Shared group: Algorithms and Complexity Group
p_92f17fe87fab,p_faf72768d249,same_group,1.00,,Shared group: Algorithms and Complexity Group
p_92f17fe87fab,p_fc085ff11435,same_group,1.00,,Shared group: Algorithms and Complexity Group
p_92f17fe87fab,p_fe4fedd24693,same_group,1.00,,Shared group: Algorithms and Complexity Group
p_96c3dfdf7ef9,p_98110fe30104,same_group,1.00,,Shared group: Algorithms and Complexity Group
p_96c3dfdf7ef9,p_98cd99958f30,same_group,1.00,,Shared group: Algorithms and Complexity Group
p_96c3dfdf7ef9,p_9bbf7296597f,same_group,1.00,,Shared group: Algorithms and Complexity Group
p_96c3dfdf7ef9,p_9d16806563dc,same_group,1.00,,Shared group: Algorithms and Complexity Group
p_96c3dfdf7ef9,p_a3572a58b762,same_group,1.00,,Shared group: Algorithms and Complexity Group
p_96c3dfdf7ef9,p_a41459cdd768,same_group,1.00,,Shared group: Algorithms and Complexity Group
p_96c3dfdf7ef9,p_a94928a1c583,same_group,1.00,,Shared group: Algorithms and Complexity Group
p_96c3dfdf7ef9,p_ad6993f05ccc,same_group,1.00,,Shared group: Algorithms and Complexity Group
p_96c3dfdf7ef9,p_b3a0f268994f,same_group,1.00,,Shared group: Algorithms and Complexity Group
p_96c3dfdf7ef9,p_b6f5c5402d18,same_group,1.00,,Shared group: Algorithms and Complexity Group
p_96c3dfdf7ef9,p_b7d7331a7460,same_group,1.00,,Shared group: Algorithms and Complexity Group
p_96c3dfdf7ef9,p_bc88d0286909,same_group,1.00,,Shared group: Algorithms and Complexity Group
p_96c3dfdf7ef9,p_bdf69ab58730,same_group,1.00,,Shared group: Algorithms and Complexity Group
p_96c3dfdf7ef9,p_c28424c7cff8,same_group,1.00,,Shared group: Algorithms and Complexity Group
p_96c3dfdf7ef9,p_c4e79a8aedca,same_group,1.00,,Shared group: Algorithms and Complexity Group
p_96c3dfdf7ef9,p_c8b99d53c18a,same_group,1.00,,Shared group: Algorithms and Complexity Group
p_96c3dfdf7ef9,p_ca1dc2eed7f6,same_group,1.00,,Shared group: Algorithms and Complexity Group
p_96c3dfdf7ef9,p_ca4a99f213dc,same_group,1.00,,Shared group: Algorithms and Complexity Group
p_96c3dfdf7ef9,p_cc44e04be967,same_group,1.00,,Shared group: Algorithms and Complexity Group
p_96c3dfdf7ef9,p_d48e4ef31772,same_group,1.00,,Shared group: Algorithms and Complexity Group
p_96c3dfdf7ef9,p_d54412518e1d,same_group,1.00,,Shared group: Algorithms and Complexity Group
p_96c3dfdf7ef9,p_d59111e0cf6d,same_group,1.00,,Shared group: Algorithms and Complexity Group
p_96c3dfdf7ef9,p_d6acc5297b85,same_group,1.00,,Shared group: Algorithms and Complexity Group
p_96c3dfdf7ef9,p_d96513056fad,same_group,1.00,,Shared group: Algorithms and Complexity Group
p_96c3dfdf7ef9,p_d979c0609bb0,same_group,1.00,,Shared group: Algorithms and Complexity Group
p_96c3dfdf7ef9,p_e3bdbee9f327,same_group,1.00,,Shared group: Algorithms and Complexity Group
p_96c3dfdf7ef9,p_f0796af1f964,same_group,1.00,,Shared group: Algorithms and Complexity Group
p_96c3dfdf7ef9,p_f5aae7a1da7f,same_group,1.00,,Shared group: Algorithms and Complexity Group
p_96c3dfdf7ef9,p_f69c45a1adca,same_group,1.00,,Shared group: Algorithms and Complexity Group
p_96c3dfdf7ef9,p_f6ca4ba0d6a3,same_group,1.00,,Shared group: Algorithms and Complexity Group
p_96c3dfdf7ef9,p_f91fbfeafc03,same_group,1.00,,Shared group: Algorithms and Complexity Group
p_96c3dfdf7ef9,p_f9a0dfb82f0c,same_group,1.00,,Shared group: Algorithms and Complexity Group
p_96c3dfdf7ef9,p_faf0432d7287,same_group,1.00,,Shared group: Algorithms and Complexity Group
p_96c3dfdf7ef9,p_faf72768d249,same_group,1.00,,Shared group: Algorithms and Complexity Group
p_96c3dfdf7ef9,p_fc085ff11435,same_group,1.00,,Shared group: Algorithms and Complexity Group
p_96c3dfdf7ef9,p_fe4fedd24693,same_group,1.00,,Shared group: Algorithms and Complexity Group
p_98110fe30104,p_98cd99958f30,same_group,1.00,,Shared group: Algorithms and Complexity Group
p_98110fe30104,p_9bbf7296597f,same_group,1.00,,Shared group: Algorithms and Complexity Group
p_98110fe30104,p_9d16806563dc,same_group,1.00,,Shared group: Algorithms and Complexity Group
p_98110fe30104,p_a3572a58b762,same_group,1.00,,Shared group: Algorithms and Complexity Group
p_98110fe30104,p_a41459cdd768,same_group,1.00,,Shared group: Algorithms and Complexity Group
p_98110fe30104,p_a94928a1c583,same_group,1.00,,Shared group: Algorithms and Complexity Group
p_98110fe30104,p_ad6993f05ccc,same_group,1.00,,Shared group: Algorithms and Complexity Group
p_98110fe30104,p_b3a0f268994f,same_group,1.00,,Shared group: Algorithms and Complexity Group
p_98110fe30104,p_b6f5c5402d18,same_group,1.00,,Shared group: Algorithms and Complexity Group
p_98110fe30104,p_b7d7331a7460,same_group,1.00,,Shared group: Algorithms and Complexity Group
p_98110fe30104,p_bc88d0286909,same_group,1.00,,Shared group: Algorithms and Complexity Group
p_98110fe30104,p_bdf69ab58730,same_group,1.00,,Shared group: Algorithms and Complexity Group
p_98110fe30104,p_c28424c7cff8,same_group,1.00,,Shared group: Algorithms and Complexity Group
p_98110fe30104,p_c4e79a8aedca,same_group,1.00,,Shared group: Algorithms and Complexity Group
p_98110fe30104,p_c8b99d53c18a,same_group,1.00,,Shared group: Algorithms and Complexity Group
p_98110fe30104,p_ca1dc2eed7f6,same_group,1.00,,Shared group: Algorithms and Complexity Group
p_98110fe30104,p_ca4a99f213dc,same_group,1.00,,Shared group: Algorithms and Complexity Group
p_98110fe30104,p_cc44e04be967,same_group,1.00,,Shared group: Algorithms and Complexity Group
p_98110fe30104,p_d48e4ef31772,same_group,1.00,,Shared group: Algorithms and Complexity Group
p_98110fe30104,p_d54412518e1d,same_group,1.00,,Shared group: Algorithms and Complexity Group
p_98110fe30104,p_d59111e0cf6d,same_group,1.00,,Shared group: Algorithms and Complexity Group
p_98110fe30104,p_d6acc5297b85,same_group,1.00,,Shared group: Algorithms and Complexity Group
p_98110fe30104,p_d96513056fad,same_group,1.00,,Shared group: Algorithms and Complexity Group
p_98110fe30104,p_d979c0609bb0,same_group,1.00,,Shared group: Algorithms and Complexity Group
p_98110fe30104,p_e3bdbee9f327,same_group,1.00,,Shared group: Algorithms and Complexity Group
p_98110fe30104,p_f0796af1f964,same_group,1.00,,Shared group: Algorithms and Complexity Group
p_98110fe30104,p_f5aae7a1da7f,same_group,1.00,,Shared group: Algorithms and Complexity Group
p_98110fe30104,p_f69c45a1adca,same_group,1.00,,Shared group: Algorithms and Complexity Group
p_98110fe30104,p_f6ca4ba0d6a3,same_group,1.00,,Shared group: Algorithms and Complexity Group
p_98110fe30104,p_f91fbfeafc03,same_group,1.00,,Shared group: Algorithms and Complexity Group
p_98110fe30104,p_f9a0dfb82f0c,same_group,1.00,,Shared group: Algorithms and Complexity Group
p_98110fe30104,p_faf0432d7287,same_group,1.00,,Shared group: Algorithms and Complexity Group
p_98110fe30104,p_faf72768d249,same_group,1.00,,Shared group: Algorithms and Complexity Group
p_98110fe30104,p_fc085ff11435,same_group,1.00,,Shared group: Algorithms and Complexity Group
p_98110fe30104,p_fe4fedd24693,same_group,1.00,,Shared group: Algorithms and Complexity Group
p_98cd99958f30,p_9bbf7296597f,same_group,1.00,,Shared group: Algorithms and Complexity Group
p_98cd99958f30,p_9d16806563dc,same_group,1.00,,Shared group: Algorithms and Complexity Group
p_98cd99958f30,p_a3572a58b762,same_group,1.00,,Shared group: Algorithms and Complexity Group
p_98cd99958f30,p_a41459cdd768,same_group,1.00,,Shared group: Algorithms and Complexity Group
p_98cd99958f30,p_a94928a1c583,same_group,1.00,,Shared group: Algorithms and Complexity Group
p_98cd99958f30,p_ad6993f05ccc,same_group,1.00,,Shared group: Algorithms and Complexity Group
p_98cd99958f30,p_b3a0f268994f,same_group,1.00,,Shared group: Algorithms and Complexity Group
p_98cd99958f30,p_b6f5c5402d18,same_group,1.00,,Shared group: Algorithms and Complexity Group
p_98cd99958f30,p_b7d7331a7460,same_group,1.00,,Shared group: Algorithms and Complexity Group
p_98cd99958f30,p_bc88d0286909,same_group,1.00,,Shared group: Algorithms and Complexity Group
p_98cd99958f30,p_bdf69ab58730,same_group,1.00,,Shared group: Algorithms and Complexity Group
p_98cd99958f30,p_c28424c7cff8,same_group,1.00,,Shared group: Algorithms and Complexity Group
p_98cd99958f30,p_c4e79a8aedca,same_group,1.00,,Shared group: Algorithms and Complexity Group
p_98cd99958f30,p_c8b99d53c18a,same_group,1.00,,Shared group: Algorithms and Complexity Group
p_98cd99958f30,p_ca1dc2eed7f6,same_group,1.00,,Shared group: Algorithms and Complexity Group
p_98cd99958f30,p_ca4a99f213dc,same_group,1.00,,Shared group: Algorithms and Complexity Group
p_98cd99958f30,p_cc44e04be967,same_group,1.00,,Shared group: Algorithms and Complexity Group
p_98cd99958f30,p_d48e4ef31772,same_group,1.00,,Shared group: Algorithms and Complexity Group
p_98cd99958f30,p_d54412518e1d,same_group,1.00,,Shared group: Algorithms and Complexity Group
p_98cd99958f30,p_d59111e0cf6d,same_group,1.00,,Shared group: Algorithms and Complexity Group
p_98cd99958f30,p_d6acc5297b85,same_group,1.00,,Shared group: Algorithms and Complexity Group
p_98cd99958f30,p_d96513056fad,same_group,1.00,,Shared group: Algorithms and Complexity Group
p_98cd99958f30,p_d979c0609bb0,same_group,1.00,,Shared group: Algorithms and Complexity Group
p_98cd99958f30,p_e3bdbee9f327,same_group,1.00,,Shared group: Algorithms and Complexity Group
p_98cd99958f30,p_f0796af1f964,same_group,1.00,,Shared group: Algorithms and Complexity Group
p_98cd99958f30,p_f5aae7a1da7f,same_group,1.00,,Shared group: Algorithms and Complexity Group
p_98cd99958f30,p_f69c45a1adca,same_group,1.00,,Shared group: Algorithms and Complexity Group
p_98cd99958f30,p_f6ca4ba0d6a3,same_group,1.00,,Shared group: Algorithms and Complexity Group
p_98cd99958f30,p_f91fbfeafc03,same_group,1.00,,Shared group: Algorithms and Complexity Group
p_98cd99958f30,p_f9a0dfb82f0c,same_group,1.00,,Shared group: Algorithms and Complexity Group
p_98cd99958f30,p_faf0432d7287,same_group,1.00,,Shared group: Algorithms and Complexity Group
p_98cd99958f30,p_faf72768d249,same_group,1.00,,Shared group: Algorithms and Complexity Group
p_98cd99958f30,p_fc085ff11435,same_group,1.00,,Shared group: Algorithms and Complexity Group
p_98cd99958f30,p_fe4fedd24693,same_group,1.00,,Shared group: Algorithms and Complexity Group
p_9bbf7296597f,p_9d16806563dc,same_group,1.00,,Shared group: Algorithms and Complexity Group
p_9bbf7296597f,p_a3572a58b762,same_group,1.00,,Shared group: Algorithms and Complexity Group
p_9bbf7296597f,p_a41459cdd768,same_group,1.00,,Shared group: Algorithms and Complexity Group
p_9bbf7296597f,p_a94928a1c583,same_group,1.00,,Shared group: Algorithms and Complexity Group
p_9bbf7296597f,p_ad6993f05ccc,same_group,1.00,,Shared group: Algorithms and Complexity Group
p_9bbf7296597f,p_b3a0f268994f,same_group,1.00,,Shared group: Algorithms and Complexity Group
p_9bbf7296597f,p_b6f5c5402d18,same_group,1.00,,Shared group: Algorithms and Complexity Group
p_9bbf7296597f,p_b7d7331a7460,same_group,1.00,,Shared group: Algorithms and Complexity Group
p_9bbf7296597f,p_bc88d0286909,same_group,1.00,,Shared group: Algorithms and Complexity Group
p_9bbf7296597f,p_bdf69ab58730,same_group,1.00,,Shared group: Algorithms and Complexity Group
p_9bbf7296597f,p_c28424c7cff8,same_group,1.00,,Shared group: Algorithms and Complexity Group
p_9bbf7296597f,p_c4e79a8aedca,same_group,1.00,,Shared group: Algorithms and Complexity Group
p_9bbf7296597f,p_c8b99d53c18a,same_group,1.00,,Shared group: Algorithms and Complexity Group
p_9bbf7296597f,p_ca1dc2eed7f6,same_group,1.00,,Shared group: Algorithms and Complexity Group
p_9bbf7296597f,p_ca4a99f213dc,same_group,1.00,,Shared group: Algorithms and Complexity Group
p_9bbf7296597f,p_cc44e04be967,same_group,1.00,,Shared group: Algorithms and Complexity Group
p_9bbf7296597f,p_d48e4ef31772,same_group,1.00,,Shared group: Algorithms and Complexity Group
p_9bbf7296597f,p_d54412518e1d,same_group,1.00,,Shared group: Algorithms and Complexity Group
p_9bbf7296597f,p_d59111e0cf6d,same_group,1.00,,Shared group: Algorithms and Complexity Group
p_9bbf7296597f,p_d6acc5297b85,same_group,1.00,,Shared group: Algorithms and Complexity Group
p_9bbf7296597f,p_d96513056fad,same_group,1.00,,Shared group: Algorithms and Complexity Group
p_9bbf7296597f,p_d979c0609bb0,same_group,1.00,,Shared group: Algorithms and Complexity Group
p_9bbf7296597f,p_e3bdbee9f327,same_group,1.00,,Shared group: Algorithms and Complexity Group
p_9bbf7296597f,p_f0796af1f964,same_group,1.00,,Shared group: Algorithms and Complexity Group
p_9bbf7296597f,p_f5aae7a1da7f,same_group,1.00,,Shared group: Algorithms and Complexity Group
p_9bbf7296597f,p_f69c45a1adca,same_group,1.00,,Shared group: Algorithms and Complexity Group
p_9bbf7296597f,p_f6ca4ba0d6a3,same_group,1.00,,Shared group: Algorithms and Complexity Group
p_9bbf7296597f,p_f91fbfeafc03,same_group,1.00,,Shared group: Algorithms and Complexity Group
p_9bbf7296597f,p_f9a0dfb82f0c,same_group,1.00,,Shared group: Algorithms and Complexity Group
p_9bbf7296597f,p_faf0432d7287,same_group,1.00,,Shared group: Algorithms and Complexity Group
p_9bbf7296597f,p_faf72768d249,same_group,1.00,,Shared group: Algorithms and Complexity Group
p_9bbf7296597f,p_fc085ff11435,same_group,1.00,,Shared group: Algorithms and Complexity Group
p_9bbf7296597f,p_fe4fedd24693,same_group,1.00,,Shared group: Algorithms and Complexity Group
p_9d16806563dc,p_a3572a58b762,same_group,1.00,,Shared group: Algorithms and Complexity Group
p_9d16806563dc,p_a41459cdd768,same_group,1.00,,Shared group: Algorithms and Complexity Group
p_9d16806563dc,p_a94928a1c583,same_group,1.00,,Shared group: Algorithms and Complexity Group
p_9d16806563dc,p_ad6993f05ccc,same_group,1.00,,Shared group: Algorithms and Complexity Group
p_9d16806563dc,p_b3a0f268994f,same_group,1.00,,Shared group: Algorithms and Complexity Group
p_9d16806563dc,p_b6f5c5402d18,same_group,1.00,,Shared group: Algorithms and Complexity Group
p_9d16806563dc,p_b7d7331a7460,same_group,1.00,,Shared group: Algorithms and Complexity Group
p_9d16806563dc,p_bc88d0286909,same_group,1.00,,Shared group: Algorithms and Complexity Group
p_9d16806563dc,p_bdf69ab58730,same_group,1.00,,Shared group: Algorithms and Complexity Group
p_9d16806563dc,p_c28424c7cff8,same_group,1.00,,Shared group: Algorithms and Complexity Group
p_9d16806563dc,p_c4e79a8aedca,same_group,1.00,,Shared group: Algorithms and Complexity Group
p_9d16806563dc,p_c8b99d53c18a,same_group,1.00,,Shared group: Algorithms and Complexity Group
p_9d16806563dc,p_ca1dc2eed7f6,same_group,1.00,,Shared group: Algorithms and Complexity Group
p_9d16806563dc,p_ca4a99f213dc,same_group,1.00,,Shared group: Algorithms and Complexity Group
p_9d16806563dc,p_cc44e04be967,same_group,1.00,,Shared group: Algorithms and Complexity Group
p_9d16806563dc,p_d48e4ef31772,same_group,1.00,,Shared group: Algorithms and Complexity Group
p_9d16806563dc,p_d54412518e1d,same_group,1.00,,Shared group: Algorithms and Complexity Group
p_9d16806563dc,p_d59111e0cf6d,same_group,1.00,,Shared group: Algorithms and Complexity Group
p_9d16806563dc,p_d6acc5297b85,same_group,1.00,,Shared group: Algorithms and Complexity Group
p_9d16806563dc,p_d96513056fad,same_group,1.00,,Shared group: Algorithms and Complexity Group
p_9d16806563dc,p_d979c0609bb0,same_group,1.00,,Shared group: Algorithms and Complexity Group
p_9d16806563dc,p_e3bdbee9f327,same_group,1.00,,Shared group: Algorithms and Complexity Group
p_9d16806563dc,p_f0796af1f964,same_group,1.00,,Shared group: Algorithms and Complexity Group
p_9d16806563dc,p_f5aae7a1da7f,same_group,1.00,,Shared group: Algorithms and Complexity Group
p_9d16806563dc,p_f69c45a1adca,same_group,1.00,,Shared group: Algorithms and Complexity Group
p_9d16806563dc,p_f6ca4ba0d6a3,same_group,1.00,,Shared group: Algorithms and Complexity Group
p_9d16806563dc,p_f91fbfeafc03,same_group,1.00,,Shared group: Algorithms and Complexity Group
p_9d16806563dc,p_f9a0dfb82f0c,same_group,1.00,,Shared group: Algorithms and Complexity Group
p_9d16806563dc,p_faf0432d7287,same_group,1.00,,Shared group: Algorithms and Complexity Group
p_9d16806563dc,p_faf72768d249,same_group,1.00,,Shared group: Algorithms and Complexity Group
p_9d16806563dc,p_fc085ff11435,same_group,1.00,,Shared group: Algorithms and Complexity Group
p_9d16806563dc,p_fe4fedd24693,same_group,1.00,,Shared group: Algorithms and Complexity Group
p_a028904c9e1a,p_d3ba47c6902d,same_group,1.00,,Shared group: Single Molecule Microscopy Group
p_a3572a58b762,p_a41459cdd768,same_group,1.00,,Shared group: Algorithms and Complexity Group
p_a3572a58b762,p_a94928a1c583,same_group,1.00,,Shared group: Algorithms and Complexity Group
p_a3572a58b762,p_ad6993f05ccc,same_group,1.00,,Shared group: Algorithms and Complexity Group
p_a3572a58b762,p_b3a0f268994f,same_group,1.00,,Shared group: Algorithms and Complexity Group
p_a3572a58b762,p_b6f5c5402d18,same_group,1.00,,Shared group: Algorithms and Complexity Group
p_a3572a58b762,p_b7d7331a7460,same_group,1.00,,Shared group: Algorithms and Complexity Group
p_a3572a58b762,p_bc88d0286909,same_group,1.00,,Shared group: Algorithms and Complexity Group
p_a3572a58b762,p_bdf69ab58730,same_group,1.00,,Shared group: Algorithms and Complexity Group
p_a3572a58b762,p_c28424c7cff8,same_group,1.00,,Shared group: Algorithms and Complexity Group
p_a3572a58b762,p_c4e79a8aedca,same_group,1.00,,Shared group: Algorithms and Complexity Group
p_a3572a58b762,p_c8b99d53c18a,same_group,1.00,,Shared group: Algorithms and Complexity Group
p_a3572a58b762,p_ca1dc2eed7f6,same_group,1.00,,Shared group: Algorithms and Complexity Group
p_a3572a58b762,p_ca4a99f213dc,same_group,1.00,,Shared group: Algorithms and Complexity Group
p_a3572a58b762,p_cc44e04be967,same_group,1.00,,Shared group: Algorithms and Complexity Group
p_a3572a58b762,p_d48e4ef31772,same_group,1.00,,Shared group: Algorithms and Complexity Group
p_a3572a58b762,p_d54412518e1d,same_group,1.00,,Shared group: Algorithms and Complexity Group
p_a3572a58b762,p_d59111e0cf6d,same_group,1.00,,Shared group: Algorithms and Complexity Group
p_a3572a58b762,p_d6acc5297b85,same_group,1.00,,Shared group: Algorithms and Complexity Group
p_a3572a58b762,p_d96513056fad,same_group,1.00,,Shared group: Algorithms and Complexity Group
p_a3572a58b762,p_d979c0609bb0,same_group,1.00,,Shared group: Algorithms and Complexity Group
p_a3572a58b762,p_e3bdbee9f327,same_group,1.00,,Shared group: Algorithms and Complexity Group
p_a3572a58b762,p_f0796af1f964,same_group,1.00,,Shared group: Algorithms and Complexity Group
p_a3572a58b762,p_f5aae7a1da7f,same_group,1.00,,Shared group: Algorithms and Complexity Group
p_a3572a58b762,p_f69c45a1adca,same_group,1.00,,Shared group: Algorithms and Complexity Group
p_a3572a58b762,p_f6ca4ba0d6a3,same_group,1.00,,Shared group: Algorithms and Complexity Group
p_a3572a58b762,p_f91fbfeafc03,same_group,1.00,,Shared group: Algorithms and Complexity Group
p_a3572a58b762,p_f9a0dfb82f0c,same_group,1.00,,Shared group: Algorithms and Complexity Group
p_a3572a58b762,p_faf0432d7287,same_group,1.00,,Shared group: Algorithms and Complexity Group
p_a3572a58b762,p_faf72768d249,same_group,1.00,,Shared group: Algorithms and Complexity Group
p_a3572a58b762,p_fc085ff11435,same_group,1.00,,Shared group: Algorithms and Complexity Group
p_a3572a58b762,p_fe4fedd24693,same_group,1.00,,Shared group: Algorithms and Complexity Group
p_a41459cdd768,p_a94928a1c583,same_group,1.00,,Shared group: Algorithms and Complexity Group
p_a41459cdd768,p_ad6993f05ccc,same_group,1.00,,Shared group: Algorithms and Complexity Group
p_a41459cdd768,p_b3a0f268994f,same_group,1.00,,Shared group: Algorithms and Complexity Group
p_a41459cdd768,p_b6f5c5402d18,same_group,1.00,,Shared group: Algorithms and Complexity Group
p_a41459cdd768,p_b7d7331a7460,same_group,1.00,,Shared group: Algorithms and Complexity Group
p_a41459cdd768,p_bc88d0286909,same_group,1.00,,Shared group: Algorithms and Complexity Group
p_a41459cdd768,p_bdf69ab58730,same_group,1.00,,Shared group: Algorithms and Complexity Group
p_a41459cdd768,p_c28424c7cff8,same_group,1.00,,Shared group: Algorithms and Complexity Group
p_a41459cdd768,p_c4e79a8aedca,same_group,1.00,,Shared group: Algorithms and Complexity Group
p_a41459cdd768,p_c8b99d53c18a,same_group,1.00,,Shared group: Algorithms and Complexity Group
p_a41459cdd768,p_ca1dc2eed7f6,same_group,1.00,,Shared group: Algorithms and Complexity Group
p_a41459cdd768,p_ca4a99f213dc,same_group,1.00,,Shared group: Algorithms and Complexity Group
p_a41459cdd768,p_cc44e04be967,same_group,1.00,,Shared group: Algorithms and Complexity Group
p_a41459cdd768,p_d48e4ef31772,same_group,1.00,,Shared group: Algorithms and Complexity Group
p_a41459cdd768,p_d54412518e1d,same_group,1.00,,Shared group: Algorithms and Complexity Group
p_a41459cdd768,p_d59111e0cf6d,same_group,1.00,,Shared group: Algorithms and Complexity Group
p_a41459cdd768,p_d6acc5297b85,same_group,1.00,,Shared group: Algorithms and Complexity Group
p_a41459cdd768,p_d96513056fad,same_group,1.00,,Shared group: Algorithms and Complexity Group
p_a41459cdd768,p_d979c0609bb0,same_group,1.00,,Shared group: Algorithms and Complexity Group
p_a41459cdd768,p_e3bdbee9f327,same_group,1.00,,Shared group: Algorithms and Complexity Group
p_a41459cdd768,p_f0796af1f964,same_group,1.00,,Shared group: Algorithms and Complexity Group
p_a41459cdd768,p_f5aae7a1da7f,same_group,1.00,,Shared group: Algorithms and Complexity Group
p_a41459cdd768,p_f69c45a1adca,same_group,1.00,,Shared group: Algorithms and Complexity Group
p_a41459cdd768,p_f6ca4ba0d6a3,same_group,1.00,,Shared group: Algorithms and Complexity Group
p_a41459cdd768,p_f91fbfeafc03,same_group,1.00,,Shared group: Algorithms and Complexity Group
p_a41459cdd768,p_f9a0dfb82f0c,same_group,1.00,,Shared group: Algorithms and Complexity Group
p_a41459cdd768,p_faf0432d7287,same_group,1.00,,Shared group: Algorithms and Complexity Group
p_a41459cdd768,p_faf72768d249,same_group,1.00,,Shared group: Algorithms and Complexity Group
p_a41459cdd768,p_fc085ff11435,same_group,1.00,,Shared group: Algorithms and Complexity Group
p_a41459cdd768,p_fe4fedd24693,same_group,1.00,,Shared group: Algorithms and Complexity Group
p_a94928a1c583,p_ad6993f05ccc,same_group,1.00,,Shared group: Algorithms and Complexity Group
p_a94928a1c583,p_b3a0f268994f,same_group,1.00,,Shared group: Algorithms and Complexity Group
p_a94928a1c583,p_b6f5c5402d18,same_group,1.00,,Shared group: Algorithms and Complexity Group
p_a94928a1c583,p_b7d7331a7460,same_group,1.00,,Shared group: Algorithms and Complexity Group
p_a94928a1c583,p_bc88d0286909,same_group,1.00,,Shared group: Algorithms and Complexity Group
p_a94928a1c583,p_bdf69ab58730,same_group,1.00,,Shared group: Algorithms and Complexity Group
p_a94928a1c583,p_c28424c7cff8,same_group,1.00,,Shared group: Algorithms and Complexity Group
p_a94928a1c583,p_c4e79a8aedca,same_group,1.00,,Shared group: Algorithms and Complexity Group
p_a94928a1c583,p_c8b99d53c18a,same_group,1.00,,Shared group: Algorithms and Complexity Group
p_a94928a1c583,p_ca1dc2eed7f6,same_group,1.00,,Shared group: Algorithms and Complexity Group
p_a94928a1c583,p_ca4a99f213dc,same_group,1.00,,Shared group: Algorithms and Complexity Group
p_a94928a1c583,p_cc44e04be967,same_group,1.00,,Shared group: Algorithms and Complexity Group
p_a94928a1c583,p_d48e4ef31772,same_group,1.00,,Shared group: Algorithms and Complexity Group
p_a94928a1c583,p_d54412518e1d,same_group,1.00,,Shared group: Algorithms and Complexity Group
p_a94928a1c583,p_d59111e0cf6d,same_group,1.00,,Shared group: Algorithms and Complexity Group
p_a94928a1c583,p_d6acc5297b85,same_group,1.00,,Shared group: Algorithms and Complexity Group
p_a94928a1c583,p_d96513056fad,same_group,1.00,,Shared group: Algorithms and Complexity Group
p_a94928a1c583,p_d979c0609bb0,same_group,1.00,,Shared group: Algorithms and Complexity Group
p_a94928a1c583,p_e3bdbee9f327,same_group,1.00,,Shared group: Algorithms and Complexity Group
p_a94928a1c583,p_f0796af1f964,same_group,1.00,,Shared group: Algorithms and Complexity Group
p_a94928a1c583,p_f5aae7a1da7f,same_group,1.00,,Shared group: Algorithms and Complexity Group
p_a94928a1c583,p_f69c45a1adca,same_group,1.00,,Shared group: Algorithms and Complexity Group
p_a94928a1c583,p_f6ca4ba0d6a3,same_group,1.00,,Shared group: Algorithms and Complexity Group
p_a94928a1c583,p_f91fbfeafc03,same_group,1.00,,Shared group: Algorithms and Complexity Group
p_a94928a1c583,p_f9a0dfb82f0c,same_group,1.00,,Shared group: Algorithms and Complexity Group
p_a94928a1c583,p_faf0432d7287,same_group,1.00,,Shared group: Algorithms and Complexity Group
p_a94928a1c583,p_faf72768d249,same_group,1.00,,Shared group: Algorithms and Complexity Group
p_a94928a1c583,p_fc085ff11435,same_group,1.00,,Shared group: Algorithms and Complexity Group
p_a94928a1c583,p_fe4fedd24693,same_group,1.00,,Shared group: Algorithms and Complexity Group
p_ad6993f05ccc,p_b3a0f268994f,same_group,1.00,,Shared group: Algorithms and Complexity Group
p_ad6993f05ccc,p_b6f5c5402d18,same_group,1.00,,Shared group: Algorithms and Complexity Group
p_ad6993f05ccc,p_b7d7331a7460,same_group,1.00,,Shared group: Algorithms and Complexity Group
p_ad6993f05ccc,p_bc88d0286909,same_group,1.00,,Shared group: Algorithms and Complexity Group
p_ad6993f05ccc,p_bdf69ab58730,same_group,1.00,,Shared group: Algorithms and Complexity Group
p_ad6993f05ccc,p_c28424c7cff8,same_group,1.00,,Shared group: Algorithms and Complexity Group
p_ad6993f05ccc,p_c4e79a8aedca,same_group,1.00,,Shared group: Algorithms and Complexity Group
p_ad6993f05ccc,p_c8b99d53c18a,same_group,1.00,,Shared group: Algorithms and Complexity Group
p_ad6993f05ccc,p_ca1dc2eed7f6,same_group,1.00,,Shared group: Algorithms and Complexity Group
p_ad6993f05ccc,p_ca4a99f213dc,same_group,1.00,,Shared group: Algorithms and Complexity Group
p_ad6993f05ccc,p_cc44e04be967,same_group,1.00,,Shared group: Algorithms and Complexity Group
p_ad6993f05ccc,p_d48e4ef31772,same_group,1.00,,Shared group: Algorithms and Complexity Group
p_ad6993f05ccc,p_d54412518e1d,same_group,1.00,,Shared group: Algorithms and Complexity Group
p_ad6993f05ccc,p_d59111e0cf6d,same_group,1.00,,Shared group: Algorithms and Complexity Group
p_ad6993f05ccc,p_d6acc5297b85,same_group,1.00,,Shared group: Algorithms and Complexity Group
p_ad6993f05ccc,p_d96513056fad,same_group,1.00,,Shared group: Algorithms and Complexity Group
p_ad6993f05ccc,p_d979c0609bb0,same_group,1.00,,Shared group: Algorithms and Complexity Group
p_ad6993f05ccc,p_e3bdbee9f327,same_group,1.00,,Shared group: Algorithms and Complexity Group
p_ad6993f05ccc,p_f0796af1f964,same_group,1.00,,Shared group: Algorithms and Complexity Group
p_ad6993f05ccc,p_f5aae7a1da7f,same_group,1.00,,Shared group: Algorithms and Complexity Group
p_ad6993f05ccc,p_f69c45a1adca,same_group,1.00,,Shared group: Algorithms and Complexity Group
p_ad6993f05ccc,p_f6ca4ba0d6a3,same_group,1.00,,Shared group: Algorithms and Complexity Group
p_ad6993f05ccc,p_f91fbfeafc03,same_group,1.00,,Shared group: Algorithms and Complexity Group
p_ad6993f05ccc,p_f9a0dfb82f0c,same_group,1.00,,Shared group: Algorithms and Complexity Group
p_ad6993f05ccc,p_faf0432d7287,same_group,1.00,,Shared group: Algorithms and Complexity Group
p_ad6993f05ccc,p_faf72768d249,same_group,1.00,,Shared group: Algorithms and Complexity Group
p_ad6993f05ccc,p_fc085ff11435,same_group,1.00,,Shared group: Algorithms and Complexity Group
p_ad6993f05ccc,p_fe4fedd24693,same_group,1.00,,Shared group: Algorithms and Complexity Group
p_b3a0f268994f,p_b6f5c5402d18,same_group,1.00,,Shared group: Algorithms and Complexity Group
p_b3a0f268994f,p_b7d7331a7460,same_group,1.00,,Shared group: Algorithms and Complexity Group
p_b3a0f268994f,p_bc88d0286909,same_group,1.00,,Shared group: Algorithms and Complexity Group
p_b3a0f268994f,p_bdf69ab58730,same_group,1.00,,Shared group: Algorithms and Complexity Group
p_b3a0f268994f,p_c28424c7cff8,same_group,1.00,,Shared group: Algorithms and Complexity Group
p_b3a0f268994f,p_c4e79a8aedca,same_group,1.00,,Shared group: Algorithms and Complexity Group
p_b3a0f268994f,p_c8b99d53c18a,same_group,1.00,,Shared group: Algorithms and Complexity Group
p_b3a0f268994f,p_ca1dc2eed7f6,same_group,1.00,,Shared group: Algorithms and Complexity Group
p_b3a0f268994f,p_ca4a99f213dc,same_group,1.00,,Shared group: Algorithms and Complexity Group
p_b3a0f268994f,p_cc44e04be967,same_group,1.00,,Shared group: Algorithms and Complexity Group
p_b3a0f268994f,p_d48e4ef31772,same_group,1.00,,Shared group: Algorithms and Complexity Group
p_b3a0f268994f,p_d54412518e1d,same_group,1.00,,Shared group: Algorithms and Complexity Group
p_b3a0f268994f,p_d59111e0cf6d,same_group,1.00,,Shared group: Algorithms and Complexity Group
p_b3a0f268994f,p_d6acc5297b85,same_group,1.00,,Shared group: Algorithms and Complexity Group
p_b3a0f268994f,p_d96513056fad,same_group,1.00,,Shared group: Algorithms and Complexity Group
p_b3a0f268994f,p_d979c0609bb0,same_group,1.00,,Shared group: Algorithms and Complexity Group
p_b3a0f268994f,p_e3bdbee9f327,same_group,1.00,,Shared group: Algorithms and Complexity Group
p_b3a0f268994f,p_f0796af1f964,same_group,1.00,,Shared group: Algorithms and Complexity Group
p_b3a0f268994f,p_f5aae7a1da7f,same_group,1.00,,Shared group: Algorithms and Complexity Group
p_b3a0f268994f,p_f69c45a1adca,same_group,1.00,,Shared group: Algorithms and Complexity Group
p_b3a0f268994f,p_f6ca4ba0d6a3,same_group,1.00,,Shared group: Algorithms and Complexity Group
p_b3a0f268994f,p_f91fbfeafc03,same_group,1.00,,Shared group: Algorithms and Complexity Group
p_b3a0f268994f,p_f9a0dfb82f0c,same_group,1.00,,Shared group: Algorithms and Complexity Group
p_b3a0f268994f,p_faf0432d7287,same_group,1.00,,Shared group: Algorithms and Complexity Group
p_b3a0f268994f,p_faf72768d249,same_group,1.00,,Shared group: Algorithms and Complexity Group
p_b3a0f268994f,p_fc085ff11435,same_group,1.00,,Shared group: Algorithms and Complexity Group
p_b3a0f268994f,p_fe4fedd24693,same_group,1.00,,Shared group: Algorithms and Complexity Group
p_b6f5c5402d18,p_b7d7331a7460,same_group,1.00,,Shared group: Algorithms and Complexity Group
p_b6f5c5402d18,p_bc88d0286909,same_group,1.00,,Shared group: Algorithms and Complexity Group
p_b6f5c5402d18,p_bdf69ab58730,same_group,1.00,,Shared group: Algorithms and Complexity Group
p_b6f5c5402d18,p_c28424c7cff8,same_group,1.00,,Shared group: Algorithms and Complexity Group
p_b6f5c5402d18,p_c4e79a8aedca,same_group,1.00,,Shared group: Algorithms and Complexity Group
p_b6f5c5402d18,p_c8b99d53c18a,same_group,1.00,,Shared group: Algorithms and Complexity Group
p_b6f5c5402d18,p_ca1dc2eed7f6,same_group,1.00,,Shared group: Algorithms and Complexity Group
p_b6f5c5402d18,p_ca4a99f213dc,same_group,1.00,,Shared group: Algorithms and Complexity Group
p_b6f5c5402d18,p_cc44e04be967,same_group,1.00,,Shared group: Algorithms and Complexity Group
p_b6f5c5402d18,p_d48e4ef31772,same_group,1.00,,Shared group: Algorithms and Complexity Group
p_b6f5c5402d18,p_d54412518e1d,same_group,1.00,,Shared group: Algorithms and Complexity Group
p_b6f5c5402d18,p_d59111e0cf6d,same_group,1.00,,Shared group: Algorithms and Complexity Group
p_b6f5c5402d18,p_d6acc5297b85,same_group,1.00,,Shared group: Algorithms and Complexity Group
p_b6f5c5402d18,p_d96513056fad,same_group,1.00,,Shared group: Algorithms and Complexity Group
p_b6f5c5402d18,p_d979c0609bb0,same_group,1.00,,Shared group: Algorithms and Complexity Group
p_b6f5c5402d18,p_e3bdbee9f327,same_group,1.00,,Shared group: Algorithms and Complexity Group
p_b6f5c5402d18,p_f0796af1f964,same_group,1.00,,Shared group: Algorithms and Complexity Group
p_b6f5c5402d18,p_f5aae7a1da7f,same_group,1.00,,Shared group: Algorithms and Complexity Group
p_b6f5c5402d18,p_f69c45a1adca,same_group,1.00,,Shared group: Algorithms and Complexity Group
p_b6f5c5402d18,p_f6ca4ba0d6a3,same_group,1.00,,Shared group: Algorithms and Complexity Group
p_b6f5c5402d18,p_f91fbfeafc03,same_group,1.00,,Shared group: Algorithms and Complexity Group
p_b6f5c5402d18,p_f9a0dfb82f0c,same_group,1.00,,Shared group: Algorithms and Complexity Group
p_b6f5c5402d18,p_faf0432d7287,same_group,1.00,,Shared group: Algorithms and Complexity Group
p_b6f5c5402d18,p_faf72768d249,same_group,1.00,,Shared group: Algorithms and Complexity Group
p_b6f5c5402d18,p_fc085ff11435,same_group,1.00,,Shared group: Algorithms and Complexity Group
p_b6f5c5402d18,p_fe4fedd24693,same_group,1.00,,Shared group: Algorithms and Complexity Group
p_b7d7331a7460,p_bc88d0286909,same_group,1.00,,Shared group: Algorithms and Complexity Group
p_b7d7331a7460,p_bdf69ab58730,same_group,1.00,,Shared group: Algorithms and Complexity Group
p_b7d7331a7460,p_c28424c7cff8,same_group,1.00,,Shared group: Algorithms and Complexity Group
p_b7d7331a7460,p_c4e79a8aedca,same_group,1.00,,Shared group: Algorithms and Complexity Group
p_b7d7331a7460,p_c8b99d53c18a,same_group,1.00,,Shared group: Algorithms and Complexity Group
p_b7d7331a7460,p_ca1dc2eed7f6,same_group,1.00,,Shared group: Algorithms and Complexity Group
p_b7d7331a7460,p_ca4a99f213dc,same_group,1.00,,Shared group: Algorithms and Complexity Group
p_b7d7331a7460,p_cc44e04be967,same_group,1.00,,Shared group: Algorithms and Complexity Group
p_b7d7331a7460,p_d48e4ef31772,same_group,1.00,,Shared group: Algorithms and Complexity Group
p_b7d7331a7460,p_d54412518e1d,same_group,1.00,,Shared group: Algorithms and Complexity Group
p_b7d7331a7460,p_d59111e0cf6d,same_group,1.00,,Shared group: Algorithms and Complexity Group
p_b7d7331a7460,p_d6acc5297b85,same_group,1.00,,Shared group: Algorithms and Complexity Group
p_b7d7331a7460,p_d96513056fad,same_group,1.00,,Shared group: Algorithms and Complexity Group
p_b7d7331a7460,p_d979c0609bb0,same_group,1.00,,Shared group: Algorithms and Complexity Group
p_b7d7331a7460,p_e3bdbee9f327,same_group,1.00,,Shared group: Algorithms and Complexity Group
p_b7d7331a7460,p_f0796af1f964,same_group,1.00,,Shared group: Algorithms and Complexity Group
p_b7d7331a7460,p_f5aae7a1da7f,same_group,1.00,,Shared group: Algorithms and Complexity Group
p_b7d7331a7460,p_f69c45a1adca,same_group,1.00,,Shared group: Algorithms and Complexity Group
p_b7d7331a7460,p_f6ca4ba0d6a3,same_group,1.00,,Shared group: Algorithms and Complexity Group
p_b7d7331a7460,p_f91fbfeafc03,same_group,1.00,,Shared group: Algorithms and Complexity Group
p_b7d7331a7460,p_f9a0dfb82f0c,same_group,1.00,,Shared group: Algorithms and Complexity Group
p_b7d7331a7460,p_faf0432d7287,same_group,1.00,,Shared group: Algorithms and Complexity Group
p_b7d7331a7460,p_faf72768d249,same_group,1.00,,Shared group: Algorithms and Complexity Group
p_b7d7331a7460,p_fc085ff11435,same_group,1.00,,Shared group: Algorithms and Complexity Group
p_b7d7331a7460,p_fe4fedd24693,same_group,1.00,,Shared group: Algorithms and Complexity Group
p_bc88d0286909,p_bdf69ab58730,same_group,1.00,,Shared group: Algorithms and Complexity Group
p_bc88d0286909,p_c28424c7cff8,same_group,1.00,,Shared group: Algorithms and Complexity Group
p_bc88d0286909,p_c4e79a8aedca,same_group,1.00,,Shared group: Algorithms and Complexity Group
p_bc88d0286909,p_c8b99d53c18a,same_group,1.00,,Shared group: Algorithms and Complexity Group
p_bc88d0286909,p_ca1dc2eed7f6,same_group,1.00,,Shared group: Algorithms and Complexity Group
p_bc88d0286909,p_ca4a99f213dc,same_group,1.00,,Shared group: Algorithms and Complexity Group
p_bc88d0286909,p_cc44e04be967,same_group,1.00,,Shared group: Algorithms and Complexity Group
p_bc88d0286909,p_d48e4ef31772,same_group,1.00,,Shared group: Algorithms and Complexity Group
p_bc88d0286909,p_d54412518e1d,same_group,1.00,,Shared group: Algorithms and Complexity Group
p_bc88d0286909,p_d59111e0cf6d,same_group,1.00,,Shared group: Algorithms and Complexity Group
p_bc88d0286909,p_d6acc5297b85,same_group,1.00,,Shared group: Algorithms and Complexity Group
p_bc88d0286909,p_d96513056fad,same_group,1.00,,Shared group: Algorithms and Complexity Group
p_bc88d0286909,p_d979c0609bb0,same_group,1.00,,Shared group: Algorithms and Complexity Group
p_bc88d0286909,p_e3bdbee9f327,same_group,1.00,,Shared group: Algorithms and Complexity Group
p_bc88d0286909,p_f0796af1f964,same_group,1.00,,Shared group: Algorithms and Complexity Group
p_bc88d0286909,p_f5aae7a1da7f,same_group,1.00,,Shared group: Algorithms and Complexity Group
p_bc88d0286909,p_f69c45a1adca,same_group,1.00,,Shared group: Algorithms and Complexity Group
p_bc88d0286909,p_f6ca4ba0d6a3,same_group,1.00,,Shared group: Algorithms and Complexity Group
p_bc88d0286909,p_f91fbfeafc03,same_group,1.00,,Shared group: Algorithms and Complexity Group
p_bc88d0286909,p_f9a0dfb82f0c,same_group,1.00,,Shared group: Algorithms and Complexity Group
p_bc88d0286909,p_faf0432d7287,same_group,1.00,,Shared group: Algorithms and Complexity Group
p_bc88d0286909,p_faf72768d249,same_group,1.00,,Shared group: Algorithms and Complexity Group
p_bc88d0286909,p_fc085ff11435,same_group,1.00,,Shared group: Algorithms and Complexity Group
p_bc88d0286909,p_fe4fedd24693,same_group,1.00,,Shared group: Algorithms and Complexity Group
p_bdf69ab58730,p_c28424c7cff8,same_group,1.00,,Shared group: Algorithms and Complexity Group
p_bdf69ab58730,p_c4e79a8aedca,same_group,1.00,,Shared group: Algorithms and Complexity Group
p_bdf69ab58730,p_c8b99d53c18a,same_group,1.00,,Shared group: Algorithms and Complexity Group
p_bdf69ab58730,p_ca1dc2eed7f6,same_group,1.00,,Shared group: Algorithms and Complexity Group
p_bdf69ab58730,p_ca4a99f213dc,same_group,1.00,,Shared group: Algorithms and Complexity Group
p_bdf69ab58730,p_cc44e04be967,same_group,1.00,,Shared group: Algorithms and Complexity Group
p_bdf69ab58730,p_d48e4ef31772,same_group,1.00,,Shared group: Algorithms and Complexity Group
p_bdf69ab58730,p_d54412518e1d,same_group,1.00,,Shared group: Algorithms and Complexity Group
p_bdf69ab58730,p_d59111e0cf6d,same_group,1.00,,Shared group: Algorithms and Complexity Group
p_bdf69ab58730,p_d6acc5297b85,same_group,1.00,,Shared group: Algorithms and Complexity Group
p_bdf69ab58730,p_d96513056fad,same_group,1.00,,Shared group: Algorithms and Complexity Group
p_bdf69ab58730,p_d979c0609bb0,same_group,1.00,,Shared group: Algorithms and Complexity Group
p_bdf69ab58730,p_e3bdbee9f327,same_group,1.00,,Shared group: Algorithms and Complexity Group
p_bdf69ab58730,p_f0796af1f964,same_group,1.00,,Shared group: Algorithms and Complexity Group
p_bdf69ab58730,p_f5aae7a1da7f,same_group,1.00,,Shared group: Algorithms and Complexity Group
p_bdf69ab58730,p_f69c45a1adca,same_group,1.00,,Shared group: Algorithms and Complexity Group
p_bdf69ab58730,p_f6ca4ba0d6a3,same_group,1.00,,Shared group: Algorithms and Complexity Group
p_bdf69ab58730,p_f91fbfeafc03,same_group,1.00,,Shared group: Algorithms and Complexity Group
p_bdf69ab58730,p_f9a0dfb82f0c,same_group,1.00,,Shared group: Algorithms and Complexity Group
p_bdf69ab58730,p_faf0432d7287,same_group,1.00,,Shared group: Algorithms and Complexity Group
p_bdf69ab58730,p_faf72768d249,same_group,1.00,,Shared group: Algorithms and Complexity Group
p_bdf69ab58730,p_fc085ff11435,same_group,1.00,,Shared group: Algorithms and Complexity Group
p_bdf69ab58730,p_fe4fedd24693,same_group,1.00,,Shared group: Algorithms and Complexity Group
p_c28424c7cff8,p_c4e79a8aedca,same_group,1.00,,Shared group: Algorithms and Complexity Group
p_c28424c7cff8,p_c8b99d53c18a,same_group,1.00,,Shared group: Algorithms and Complexity Group
p_c28424c7cff8,p_ca1dc2eed7f6,same_group,1.00,,Shared group: Algorithms and Complexity Group
p_c28424c7cff8,p_ca4a99f213dc,same_group,1.00,,Shared group: Algorithms and Complexity Group
p_c28424c7cff8,p_cc44e04be967,same_group,1.00,,Shared group: Algorithms and Complexity Group
p_c28424c7cff8,p_d48e4ef31772,same_group,1.00,,Shared group: Algorithms and Complexity Group
p_c28424c7cff8,p_d54412518e1d,same_group,1.00,,Shared group: Algorithms and Complexity Group
p_c28424c7cff8,p_d59111e0cf6d,same_group,1.00,,Shared group: Algorithms and Complexity Group
p_c28424c7cff8,p_d6acc5297b85,same_group,1.00,,Shared group: Algorithms and Complexity Group
p_c28424c7cff8,p_d96513056fad,same_group,1.00,,Shared group: Algorithms and Complexity Group
p_c28424c7cff8,p_d979c0609bb0,same_group,1.00,,Shared group: Algorithms and Complexity Group
p_c28424c7cff8,p_e3bdbee9f327,same_group,1.00,,Shared group: Algorithms and Complexity Group
p_c28424c7cff8,p_f0796af1f964,same_group,1.00,,Shared group: Algorithms and Complexity Group
p_c28424c7cff8,p_f5aae7a1da7f,same_group,1.00,,Shared group: Algorithms and Complexity Group
p_c28424c7cff8,p_f69c45a1adca,same_group,1.00,,Shared group: Algorithms and Complexity Group
p_c28424c7cff8,p_f6ca4ba0d6a3,same_group,1.00,,Shared group: Algorithms and Complexity Group
p_c28424c7cff8,p_f91fbfeafc03,same_group,1.00,,Shared group: Algorithms and Complexity Group
p_c28424c7cff8,p_f9a0dfb82f0c,same_group,1.00,,Shared group: Algorithms and Complexity Group
p_c28424c7cff8,p_faf0432d7287,same_group,1.00,,Shared group: Algorithms and Complexity Group
p_c28424c7cff8,p_faf72768d249,same_group,1.00,,Shared group: Algorithms and Complexity Group
p_c28424c7cff8,p_fc085ff11435,same_group,1.00,,Shared group: Algorithms and Complexity Group
p_c28424c7cff8,p_fe4fedd24693,same_group,1.00,,Shared group: Algorithms and Complexity Group
p_c4e79a8aedca,p_c8b99d53c18a,same_group,1.00,,Shared group: Algorithms and Complexity Group
p_c4e79a8aedca,p_ca1dc2eed7f6,same_group,1.00,,Shared group: Algorithms and Complexity Group
p_c4e79a8aedca,p_ca4a99f213dc,same_group,1.00,,Shared group: Algorithms and Complexity Group
p_c4e79a8aedca,p_cc44e04be967,same_group,1.00,,Shared group: Algorithms and Complexity Group
p_c4e79a8aedca,p_d48e4ef31772,same_group,1.00,,Shared group: Algorithms and Complexity Group
p_c4e79a8aedca,p_d54412518e1d,same_group,1.00,,Shared group: Algorithms and Complexity Group
p_c4e79a8aedca,p_d59111e0cf6d,same_group,1.00,,Shared group: Algorithms and Complexity Group
p_c4e79a8aedca,p_d6acc5297b85,same_group,1.00,,Shared group: Algorithms and Complexity Group
p_c4e79a8aedca,p_d96513056fad,same_group,1.00,,Shared group: Algorithms and Complexity Group
p_c4e79a8aedca,p_d979c0609bb0,same_group,1.00,,Shared group: Algorithms and Complexity Group
p_c4e79a8aedca,p_e3bdbee9f327,same_group,1.00,,Shared group: Algorithms and Complexity Group
p_c4e79a8aedca,p_f0796af1f964,same_group,1.00,,Shared group: Algorithms and Complexity Group
p_c4e79a8aedca,p_f5aae7a1da7f,same_group,1.00,,Shared group: Algorithms and Complexity Group
p_c4e79a8aedca,p_f69c45a1adca,same_group,1.00,,Shared group: Algorithms and Complexity Group
p_c4e79a8aedca,p_f6ca4ba0d6a3,same_group,1.00,,Shared group: Algorithms and Complexity Group
p_c4e79a8aedca,p_f91fbfeafc03,same_group,1.00,,Shared group: Algorithms and Complexity Group
p_c4e79a8aedca,p_f9a0dfb82f0c,same_group,1.00,,Shared group: Algorithms and Complexity Group
p_c4e79a8aedca,p_faf0432d7287,same_group,1.00,,Shared group: Algorithms and Complexity Group
p_c4e79a8aedca,p_faf72768d249,same_group,1.00,,Shared group: Algorithms and Complexity Group
p_c4e79a8aedca,p_fc085ff11435,same_group,1.00,,Shared group: Algorithms and Complexity Group
p_c4e79a8aedca,p_fe4fedd24693,same_group,1.00,,Shared group: Algorithms and Complexity Group
p_c8b99d53c18a,p_ca1dc2eed7f6,same_group,1.00,,Shared group: Algorithms and Complexity Group
p_c8b99d53c18a,p_ca4a99f213dc,same_group,1.00,,Shared group: Algorithms and Complexity Group
p_c8b99d53c18a,p_cc44e04be967,same_group,1.00,,Shared group: Algorithms and Complexity Group
p_c8b99d53c18a,p_d48e4ef31772,same_group,1.00,,Shared group: Algorithms and Complexity Group
p_c8b99d53c18a,p_d54412518e1d,same_group,1.00,,Shared group: Algorithms and Complexity Group
p_c8b99d53c18a,p_d59111e0cf6d,same_group,1.00,,Shared group: Algorithms and Complexity Group
p_c8b99d53c18a,p_d6acc5297b85,same_group,1.00,,Shared group: Algorithms and Complexity Group
p_c8b99d53c18a,p_d96513056fad,same_group,1.00,,Shared group: Algorithms and Complexity Group
p_c8b99d53c18a,p_d979c0609bb0,same_group,1.00,,Shared group: Algorithms and Complexity Group
p_c8b99d53c18a,p_e3bdbee9f327,same_group,1.00,,Shared group: Algorithms and Complexity Group
p_c8b99d53c18a,p_f0796af1f964,same_group,1.00,,Shared group: Algorithms and Complexity Group
p_c8b99d53c18a,p_f5aae7a1da7f,same_group,1.00,,Shared group: Algorithms and Complexity Group
p_c8b99d53c18a,p_f69c45a1adca,same_group,1.00,,Shared group: Algorithms and Complexity Group
p_c8b99d53c18a,p_f6ca4ba0d6a3,same_group,1.00,,Shared group: Algorithms and Complexity Group
p_c8b99d53c18a,p_f91fbfeafc03,same_group,1.00,,Shared group: Algorithms and Complexity Group
p_c8b99d53c18a,p_f9a0dfb82f0c,same_group,1.00,,Shared group: Algorithms and Complexity Group
p_c8b99d53c18a,p_faf0432d7287,same_group,1.00,,Shared group: Algorithms and Complexity Group
p_c8b99d53c18a,p_faf72768d249,same_group,1.00,,Shared group: Algorithms and Complexity Group
p_c8b99d53c18a,p_fc085ff11435,same_group,1.00,,Shared group: Algorithms and Complexity Group
p_c8b99d53c18a,p_fe4fedd24693,same_group,1.00,,Shared group: Algorithms and Complexity Group
p_ca1dc2eed7f6,p_ca4a99f213dc,same_group,1.00,,Shared group: Algorithms and Complexity Group
p_ca1dc2eed7f6,p_cc44e04be967,same_group,1.00,,Shared group: Algorithms and Complexity Group
p_ca1dc2eed7f6,p_d48e4ef31772,same_group,1.00,,Shared group: Algorithms and Complexity Group
p_ca1dc2eed7f6,p_d54412518e1d,same_group,1.00,,Shared group: Algorithms and Complexity Group
p_ca1dc2eed7f6,p_d59111e0cf6d,same_group,1.00,,Shared group: Algorithms and Complexity Group
p_ca1dc2eed7f6,p_d6acc5297b85,same_group,1.00,,Shared group: Algorithms and Complexity Group
p_ca1dc2eed7f6,p_d96513056fad,same_group,1.00,,Shared group: Algorithms and Complexity Group
p_ca1dc2eed7f6,p_d979c0609bb0,same_group,1.00,,Shared group: Algorithms and Complexity Group
p_ca1dc2eed7f6,p_e3bdbee9f327,same_group,1.00,,Shared group: Algorithms and Complexity Group
p_ca1dc2eed7f6,p_f0796af1f964,same_group,1.00,,Shared group: Algorithms and Complexity Group
p_ca1dc2eed7f6,p_f5aae7a1da7f,same_group,1.00,,Shared group: Algorithms and Complexity Group
p_ca1dc2eed7f6,p_f69c45a1adca,same_group,1.00,,Shared group: Algorithms and Complexity Group
p_ca1dc2eed7f6,p_f6ca4ba0d6a3,same_group,1.00,,Shared group: Algorithms and Complexity Group
p_ca1dc2eed7f6,p_f91fbfeafc03,same_group,1.00,,Shared group: Algorithms and Complexity Group
p_ca1dc2eed7f6,p_f9a0dfb82f0c,same_group,1.00,,Shared group: Algorithms and Complexity Group
p_ca1dc2eed7f6,p_faf0432d7287,same_group,1.00,,Shared group: Algorithms and Complexity Group
p_ca1dc2eed7f6,p_faf72768d249,same_group,1.00,,Shared group: Algorithms and Complexity Group
p_ca1dc2eed7f6,p_fc085ff11435,same_group,1.00,,Shared group: Algorithms and Complexity Group
p_ca1dc2eed7f6,p_fe4fedd24693,same_group,1.00,,Shared group: Algorithms and Complexity Group
p_ca4a99f213dc,p_cc44e04be967,same_group,1.00,,Shared group: Algorithms and Complexity Group
p_ca4a99f213dc,p_d48e4ef31772,same_group,1.00,,Shared group: Algorithms and Complexity Group
p_ca4a99f213dc,p_d54412518e1d,same_group,1.00,,Shared group: Algorithms and Complexity Group
p_ca4a99f213dc,p_d59111e0cf6d,same_group,1.00,,Shared group: Algorithms and Complexity Group
p_ca4a99f213dc,p_d6acc5297b85,same_group,1.00,,Shared group: Algorithms and Complexity Group
p_ca4a99f213dc,p_d96513056fad,same_group,1.00,,Shared group: Algorithms and Complexity Group
p_ca4a99f213dc,p_d979c0609bb0,same_group,1.00,,Shared group: Algorithms and Complexity Group
p_ca4a99f213dc,p_e3bdbee9f327,same_group,1.00,,Shared group: Algorithms and Complexity Group
p_ca4a99f213dc,p_f0796af1f964,same_group,1.00,,Shared group: Algorithms and Complexity Group
p_ca4a99f213dc,p_f5aae7a1da7f,same_group,1.00,,Shared group: Algorithms and Complexity Group
p_ca4a99f213dc,p_f69c45a1adca,same_group,1.00,,Shared group: Algorithms and Complexity Group
p_ca4a99f213dc,p_f6ca4ba0d6a3,same_group,1.00,,Shared group: Algorithms and Complexity Group
p_ca4a99f213dc,p_f91fbfeafc03,same_group,1.00,,Shared group: Algorithms and Complexity Group
p_ca4a99f213dc,p_f9a0dfb82f0c,same_group,1.00,,Shared group: Algorithms and Complexity Group
p_ca4a99f213dc,p_faf0432d7287,same_group,1.00,,Shared group: Algorithms and Complexity Group
p_ca4a99f213dc,p_faf72768d249,same_group,1.00,,Shared group: Algorithms and Complexity Group
p_ca4a99f213dc,p_fc085ff11435,same_group,1.00,,Shared group: Algorithms and Complexity Group
p_ca4a99f213dc,p_fe4fedd24693,same_group,1.00,,Shared group: Algorithms and Complexity Group
p_cc44e04be967,p_d48e4ef31772,same_group,1.00,,Shared group: Algorithms and Complexity Group
p_cc44e04be967,p_d54412518e1d,same_group,1.00,,Shared group: Algorithms and Complexity Group
p_cc44e04be967,p_d59111e0cf6d,same_group,1.00,,Shared group: Algorithms and Complexity Group
p_cc44e04be967,p_d6acc5297b85,same_group,1.00,,Shared group: Algorithms and Complexity Group
p_cc44e04be967,p_d96513056fad,same_group,1.00,,Shared group: Algorithms and Complexity Group
p_cc44e04be967,p_d979c0609bb0,same_group,1.00,,Shared group: Algorithms and Complexity Group
p_cc44e04be967,p_e3bdbee9f327,same_group,1.00,,Shared group: Algorithms and Complexity Group
p_cc44e04be967,p_f0796af1f964,same_group,1.00,,Shared group: Algorithms and Complexity Group
p_cc44e04be967,p_f5aae7a1da7f,same_group,1.00,,Shared group: Algorithms and Complexity Group
p_cc44e04be967,p_f69c45a1adca,same_group,1.00,,Shared group: Algorithms and Complexity Group
p_cc44e04be967,p_f6ca4ba0d6a3,same_group,1.00,,Shared group: Algorithms and Complexity Group
p_cc44e04be967,p_f91fbfeafc03,same_group,1.00,,Shared group: Algorithms and Complexity Group
p_cc44e04be967,p_f9a0dfb82f0c,same_group,1.00,,Shared group: Algorithms and Complexity Group
p_cc44e04be967,p_faf0432d7287,same_group,1.00,,Shared group: Algorithms and Complexity Group
p_cc44e04be967,p_faf72768d249,same_group,1.00,,Shared group: Algorithms and Complexity Group
p_cc44e04be967,p_fc085ff11435,same_group,1.00,,Shared group: Algorithms and Complexity Group
p_cc44e04be967,p_fe4fedd24693,same_group,1.00,,Shared group: Algorithms and Complexity Group
p_d48e4ef31772,p_d54412518e1d,same_group,1.00,,Shared group: Algorithms and Complexity Group
p_d48e4ef31772,p_d59111e0cf6d,same_group,1.00,,Shared group: Algorithms and Complexity Group
p_d48e4ef31772,p_d6acc5297b85,same_group,1.00,,Shared group: Algorithms and Complexity Group
p_d48e4ef31772,p_d96513056fad,same_group,1.00,,Shared group: Algorithms and Complexity Group
p_d48e4ef31772,p_d979c0609bb0,same_group,1.00,,Shared group: Algorithms and Complexity Group
p_d48e4ef31772,p_e3bdbee9f327,same_group,1.00,,Shared group: Algorithms and Complexity Group
p_d48e4ef31772,p_f0796af1f964,same_group,1.00,,Shared group: Algorithms and Complexity Group
p_d48e4ef31772,p_f5aae7a1da7f,same_group,1.00,,Shared group: Algorithms and Complexity Group
p_d48e4ef31772,p_f69c45a1adca,same_group,1.00,,Shared group: Algorithms and Complexity Group
p_d48e4ef31772,p_f6ca4ba0d6a3,same_group,1.00,,Shared group: Algorithms and Complexity Group
p_d48e4ef31772,p_f91fbfeafc03,same_group,1.00,,Shared group: Algorithms and Complexity Group
p_d48e4ef31772,p_f9a0dfb82f0c,same_group,1.00,,Shared group: Algorithms and Complexity Group
p_d48e4ef31772,p_faf0432d7287,same_group,1.00,,Shared group: Algorithms and Complexity Group
p_d48e4ef31772,p_faf72768d249,same_group,1.00,,Shared group: Algorithms and Complexity Group
p_d48e4ef31772,p_fc085ff11435,same_group,1.00,,Shared group: Algorithms and Complexity Group
p_d48e4ef31772,p_fe4fedd24693,same_group,1.00,,Shared group: Algorithms and Complexity Group
p_d54412518e1d,p_d59111e0cf6d,same_group,1.00,,Shared group: Algorithms and Complexity Group
p_d54412518e1d,p_d6acc5297b85,same_group,1.00,,Shared group: Algorithms and Complexity Group
p_d54412518e1d,p_d96513056fad,same_group,1.00,,Shared group: Algorithms and Complexity Group
p_d54412518e1d,p_d979c0609bb0,same_group,1.00,,Shared group: Algorithms and Complexity Group
p_d54412518e1d,p_e3bdbee9f327,same_group,1.00,,Shared group: Algorithms and Complexity Group
p_d54412518e1d,p_f0796af1f964,same_group,1.00,,Shared group: Algorithms and Complexity Group
p_d54412518e1d,p_f5aae7a1da7f,same_group,1.00,,Shared group: Algorithms and Complexity Group
p_d54412518e1d,p_f69c45a1adca,same_group,1.00,,Shared group: Algorithms and Complexity Group
p_d54412518e1d,p_f6ca4ba0d6a3,same_group,1.00,,Shared group: Algorithms and Complexity Group
p_d54412518e1d,p_f91fbfeafc03,same_group,1.00,,Shared group: Algorithms and Complexity Group
p_d54412518e1d,p_f9a0dfb82f0c,same_group,1.00,,Shared group: Algorithms and Complexity Group
p_d54412518e1d,p_faf0432d7287,same_group,1.00,,Shared group: Algorithms and Complexity Group
p_d54412518e1d,p_faf72768d249,same_group,1.00,,Shared group: Algorithms and Complexity Group
p_d54412518e1d,p_fc085ff11435,same_group,1.00,,Shared group: Algorithms and Complexity Group
p_d54412518e1d,p_fe4fedd24693,same_group,1.00,,Shared group: Algorithms and Complexity Group
p_d59111e0cf6d,p_d6acc5297b85,same_group,1.00,,Shared group: Algorithms and Complexity Group
p_d59111e0cf6d,p_d96513056fad,same_group,1.00,,Shared group: Algorithms and Complexity Group
p_d59111e0cf6d,p_d979c0609bb0,same_group,1.00,,Shared group: Algorithms and Complexity Group
p_d59111e0cf6d,p_e3bdbee9f327,same_group,1.00,,Shared group: Algorithms and Complexity Group
p_d59111e0cf6d,p_f0796af1f964,same_group,1.00,,Shared group: Algorithms and Complexity Group
p_d59111e0cf6d,p_f5aae7a1da7f,same_group,1.00,,Shared group: Algorithms and Complexity Group
p_d59111e0cf6d,p_f69c45a1adca,same_group,1.00,,Shared group: Algorithms and Complexity Group
p_d59111e0cf6d,p_f6ca4ba0d6a3,same_group,1.00,,Shared group: Algorithms and Complexity Group
p_d59111e0cf6d,p_f91fbfeafc03,same_group,1.00,,Shared group: Algorithms and Complexity Group
p_d59111e0cf6d,p_f9a0dfb82f0c,same_group,1.00,,Shared group: Algorithms and Complexity Group
p_d59111e0cf6d,p_faf0432d7287,same_group,1.00,,Shared group: Algorithms and Complexity Group
p_d59111e0cf6d,p_faf72768d249,same_group,1.00,,Shared group: Algorithms and Complexity Group
p_d59111e0cf6d,p_fc085ff11435,same_group,1.00,,Shared group: Algorithms and Complexity Group
p_d59111e0cf6d,p_fe4fedd24693,same_group,1.00,,Shared group: Algorithms and Complexity Group
p_d6acc5297b85,p_d96513056fad,same_group,1.00,,Shared group: Algorithms and Complexity Group
p_d6acc5297b85,p_d979c0609bb0,same_group,1.00,,Shared group: Algorithms and Complexity Group
p_d6acc5297b85,p_e3bdbee9f327,same_group,1.00,,Shared group: Algorithms and Complexity Group
p_d6acc5297b85,p_f0796af1f964,same_group,1.00,,Shared group: Algorithms and Complexity Group
p_d6acc5297b85,p_f5aae7a1da7f,same_group,1.00,,Shared group: Algorithms and Complexity Group
p_d6acc5297b85,p_f69c45a1adca,same_group,1.00,,Shared group: Algorithms and Complexity Group
p_d6acc5297b85,p_f6ca4ba0d6a3,same_group,1.00,,Shared group: Algorithms and Complexity Group
p_d6acc5297b85,p_f91fbfeafc03,same_group,1.00,,Shared group: Algorithms and Complexity Group
p_d6acc5297b85,p_f9a0dfb82f0c,same_group,1.00,,Shared group: Algorithms and Complexity Group
p_d6acc5297b85,p_faf0432d7287,same_group,1.00,,Shared group: Algorithms and Complexity Group
p_d6acc5297b85,p_faf72768d249,same_group,1.00,,Shared group: Algorithms and Complexity Group
p_d6acc5297b85,p_fc085ff11435,same_group,1.00,,Shared group: Algorithms and Complexity Group
p_d6acc5297b85,p_fe4fedd24693,same_group,1.00,,Shared group: Algorithms and Complexity Group
p_d96513056fad,p_d979c0609bb0,same_group,1.00,,Shared group: Algorithms and Complexity Group
p_d96513056fad,p_e3bdbee9f327,same_group,1.00,,Shared group: Algorithms and Complexity Group
p_d96513056fad,p_f0796af1f964,same_group,1.00,,Shared group: Algorithms and Complexity Group
p_d96513056fad,p_f5aae7a1da7f,same_group,1.00,,Shared group: Algorithms and Complexity Group
p_d96513056fad,p_f69c45a1adca,same_group,1.00,,Shared group: Algorithms and Complexity Group
p_d96513056fad,p_f6ca4ba0d6a3,same_group,1.00,,Shared group: Algorithms and Complexity Group
p_d96513056fad,p_f91fbfeafc03,same_group,1.00,,Shared group: Algorithms and Complexity Group
p_d96513056fad,p_f9a0dfb82f0c,same_group,1.00,,Shared group: Algorithms and Complexity Group
p_d96513056fad,p_faf0432d7287,same_group,1.00,,Shared group: Algorithms and Complexity Group
p_d96513056fad,p_faf72768d249,same_group,1.00,,Shared group: Algorithms and Complexity Group
p_d96513056fad,p_fc085ff11435,same_group,1.00,,Shared group: Algorithms and Complexity Group
p_d96513056fad,p_fe4fedd24693,same_group,1.00,,Shared group: Algorithms and Complexity Group
p_d979c0609bb0,p_e3bdbee9f327,same_group,1.00,,Shared group: Algorithms and Complexity Group
p_d979c0609bb0,p_f0796af1f964,same_group,1.00,,Shared group: Algorithms and Complexity Group
p_d979c0609bb0,p_f5aae7a1da7f,same_group,1.00,,Shared group: Algorithms and Complexity Group
p_d979c0609bb0,p_f69c45a1adca,same_group,1.00,,Shared group: Algorithms and Complexity Group
p_d979c0609bb0,p_f6ca4ba0d6a3,same_group,1.00,,Shared group: Algorithms and Complexity Group
p_d979c0609bb0,p_f91fbfeafc03,same_group,1.00,,Shared group: Algorithms and Complexity Group
p_d979c0609bb0,p_f9a0dfb82f0c,same_group,1.00,,Shared group: Algorithms and Complexity Group
p_d979c0609bb0,p_faf0432d7287,same_group,1.00,,Shared group: Algorithms and Complexity Group
p_d979c0609bb0,p_faf72768d249,same_group,1.00,,Shared group: Algorithms and Complexity Group
p_d979c0609bb0,p_fc085ff11435,same_group,1.00,,Shared group: Algorithms and Complexity Group
p_d979c0609bb0,p_fe4fedd24693,same_group,1.00,,Shared group: Algorithms and Complexity Group
p_e3bdbee9f327,p_f0796af1f964,same_group,1.00,,Shared group: Algorithms and Complexity Group
p_e3bdbee9f327,p_f5aae7a1da7f,same_group,1.00,,Shared group: Algorithms and Complexity Group
p_e3bdbee9f327,p_f69c45a1adca,same_group,1.00,,Shared group: Algorithms and Complexity Group
p_e3bdbee9f327,p_f6ca4ba0d6a3,same_group,1.00,,Shared group: Algorithms and Complexity Group
p_e3bdbee9f327,p_f91fbfeafc03,same_group,1.00,,Shared group: Algorithms and Complexity Group
p_e3bdbee9f327,p_f9a0dfb82f0c,same_group,1.00,,Shared group: Algorithms and Complexity Group
p_e3bdbee9f327,p_faf0432d7287,same_group,1.00,,Shared group: Algorithms and Complexity Group
p_e3bdbee9f327,p_faf72768d249,same_group,1.00,,Shared group: Algorithms and Complexity Group
p_e3bdbee9f327,p_fc085ff11435,same_group,1.00,,Shared group: Algorithms and Complexity Group
p_e3bdbee9f327,p_fe4fedd24693,same_group,1.00,,Shared group: Algorithms and Complexity Group
p_f0796af1f964,p_f5aae7a1da7f,same_group,1.00,,Shared group: Algorithms and Complexity Group
p_f0796af1f964,p_f69c45a1adca,same_group,1.00,,Shared group: Algorithms and Complexity Group
p_f0796af1f964,p_f6ca4ba0d6a3,same_group,1.00,,Shared group: Algorithms and Complexity Group
p_f0796af1f964,p_f91fbfeafc03,same_group,1.00,,Shared group: Algorithms and Complexity Group
p_f0796af1f964,p_f9a0dfb82f0c,same_group,1.00,,Shared group: Algorithms and Complexity Group
p_f0796af1f964,p_faf0432d7287,same_group,1.00,,Shared group: Algorithms and Complexity Group
p_f0796af1f964,p_faf72768d249,same_group,1.00,,Shared group: Algorithms and Complexity Group
p_f0796af1f964,p_fc085ff11435,same_group,1.00,,Shared group: Algorithms and Complexity Group
p_f0796af1f964,p_fe4fedd24693,same_group,1.00,,Shared group: Algorithms and Complexity Group
p_f5aae7a1da7f,p_f69c45a1adca,same_group,1.00,,Shared group: Algorithms and Complexity Group
p_f5aae7a1da7f,p_f6ca4ba0d6a3,same_group,1.00,,Shared group: Algorithms and Complexity Group
p_f5aae7a1da7f,p_f91fbfeafc03,same_group,1.00,,Shared group: Algorithms and Complexity Group
p_f5aae7a1da7f,p_f9a0dfb82f0c,same_group,1.00,,Shared group: Algorithms and Complexity Group
p_f5aae7a1da7f,p_faf0432d7287,same_group,1.00,,Shared group: Algorithms and Complexity Group
p_f5aae7a1da7f,p_faf72768d249,same_group,1.00,,Shared group: Algorithms and Complexity Group
p_f5aae7a1da7f,p_fc085ff11435,same_group,1.00,,Shared group: Algorithms and Complexity Group
p_f5aae7a1da7f,p_fe4fedd24693,same_group,1.00,,Shared group: Algorithms and Complexity Group
p_f69c45a1adca,p_f6ca4ba0d6a3,same_group,1.00,,Shared group: Algorithms and Complexity Group
p_f69c45a1adca,p_f91fbfeafc03,same_group,1.00,,Shared group: Algorithms and Complexity Group
p_f69c45a1adca,p_f9a0dfb82f0c,same_group,1.00,,Shared group: Algorithms and Complexity Group
p_f69c45a1adca,p_faf0432d7287,same_group,1.00,,Shared group: Algorithms and Complexity Group
p_f69c45a1adca,p_faf72768d249,same_group,1.00,,Shared group: Algorithms and Complexity Group
p_f69c45a1adca,p_fc085ff11435,same_group,1.00,,Shared group: Algorithms and Complexity Group
p_f69c45a1adca,p_fe4fedd24693,same_group,1.00,,Shared group: Algorithms and Complexity Group
p_f6ca4ba0d6a3,p_f91fbfeafc03,same_group,1.00,,Shared group: Algorithms and Complexity Group
p_f6ca4ba0d6a3,p_f9a0dfb82f0c,same_group,1.00,,Shared group: Algorithms and Complexity Group
p_f6ca4ba0d6a3,p_faf0432d7287,same_group,1.00,,Shared group: Algorithms and Complexity Group
p_f6ca4ba0d6a3,p_faf72768d249,same_group,1.00,,Shared group: Algorithms and Complexity Group
p_f6ca4ba0d6a3,p_fc085ff11435,same_group,1.00,,Shared group: Algorithms and Complexity Group
p_f6ca4ba0d6a3,p_fe4fedd24693,same_group,1.00,,Shared group: Algorithms and Complexity Group
p_f91fbfeafc03,p_f9a0dfb82f0c,same_group,1.00,,Shared group: Algorithms and Complexity Group
p_f91fbfeafc03,p_faf0432d7287,same_group,1.00,,Shared group: Algorithms and Complexity Group
p_f91fbfeafc03,p_faf72768d249,same_group,1.00,,Shared group: Algorithms and Complexity Group
p_f91fbfeafc03,p_fc085ff11435,same_group,1.00,,Shared group: Algorithms and Complexity Group
p_f91fbfeafc03,p_fe4fedd24693,same_group,1.00,,Shared group: Algorithms and Complexity Group
p_f9a0dfb82f0c,p_faf0432d7287,same_group,1.00,,Shared group: Algorithms and Complexity Group
p_f9a0dfb82f0c,p_faf72768d249,same_group,1.00,,Shared group: Algorithms and Complexity Group
p_f9a0dfb82f0c,p_fc085ff11435,same_group,1.00,,Shared group: Algorithms and Complexity Group
p_f9a0dfb82f0c,p_fe4fedd24693,same_group,1.00,,Shared group: Algorithms and Complexity Group
p_faf0432d7287,p_faf72768d249,same_group,1.00,,Shared group: Algorithms and Complexity Group
p_faf0432d7287,p_fc085ff11435,same_group,1.00,,Shared group: Algorithms and Complexity Group
p_faf0432d7287,p_fe4fedd24693,same_group,1.00,,Shared group: Algorithms and Complexity Group
p_faf72768d249,p_fc085ff11435,same_group,1.00,,Shared group: Algorithms and Complexity Group
p_faf72768d249,p_fe4fedd24693,same_group,1.00,,Shared group: Algorithms and Complexity Group
p_fc085ff11435,p_fe4fedd24693,same_group,1.00,,Shared group: Algorithms and Complexity Group
p_08428cfb4434,p_a028904c9e1a,same_unit,0.75,,Shared unit: Biophysics Research Unit
p_08428cfb4434,p_b8ec718bc717,same_unit,0.75,,Shared unit: Biophysics Research Unit
p_08428cfb4434,p_d3ba47c6902d,same_unit,0.75,,Shared unit: Biophysics Research Unit
p_0caa9f1e9444,p_881b0250c99b,same_unit,0.75,,Shared unit: Computational and Soft Matter Physics
p_0caa9f1e9444,p_dcb61d9ae7f5,same_unit,0.75,,Shared unit: Computational and Soft Matter Physics
p_0caa9f1e9444,p_fd37508619d9,same_unit,0.75,,Shared unit: Computational and Soft Matter Physics
p_0f1c5362be36,p_a028904c9e1a,same_unit,0.75,,Shared unit: Biophysics Research Unit
p_0f1c5362be36,p_b8ec718bc717,same_unit,0.75,,Shared unit: Biophysics Research Unit
p_0f1c5362be36,p_d3ba47c6902d,same_unit,0.75,,Shared unit: Biophysics Research Unit
p_3cbeb63407f3,p_daa023c4cfe0,same_unit,0.75,,Shared unit: Structural and Computational Biology
p_3cbeb63407f3,p_e2160261479b,same_unit,0.75,,Shared unit: Structural and Computational Biology
p_83b541e9bcf1,p_a028904c9e1a,same_unit,0.75,,Shared unit: Biophysics Research Unit
p_83b541e9bcf1,p_b8ec718bc717,same_unit,0.75,,Shared unit: Biophysics Research Unit
p_83b541e9bcf1,p_d3ba47c6902d,same_unit,0.75,,Shared unit: Biophysics Research Unit
p_881b0250c99b,p_dcb61d9ae7f5,same_unit,0.75,,Shared unit: Computational and Soft Matter Physics
p_881b0250c99b,p_fd37508619d9,same_unit,0.75,,Shared unit: Computational and Soft Matter Physics
p_a028904c9e1a,p_b8ec718bc717,same_unit,0.75,,Shared unit: Biophysics Research Unit
p_a028904c9e1a,p_dc4fb3952406,same_unit,0.75,,Shared unit: Biophysics Research Unit
p_b8ec718bc717,p_d3ba47c6902d,same_unit,0.75,,Shared unit: Biophysics Research Unit
p_b8ec718bc717,p_dc4fb3952406,same_unit,0.75,,Shared unit: Biophysics Research Unit
p_d3ba47c6902d,p_dc4fb3952406,same_unit,0.75,,Shared unit: Biophysics Research Unit
p_daa023c4cfe0,p_e2160261479b,same_unit,0.75,,Shared unit: Structural and Computational Biology
p_dcb61d9ae7f5,p_fd37508619d9,same_unit,0.75,,Shared unit: Computational and Soft Matter Physics
p_08428cfb4434,p_0fb45048ee50,same_university,0.20,,Shared university: TU Wien
p_08428cfb4434,p_18841830cbeb,same_university,0.20,,Shared university: TU Wien
p_08428cfb4434,p_1f09b5d32cdd,same_university,0.20,,Shared university: TU Wien
p_08428cfb4434,p_21213f62ac00,same_university,0.20,,Shared university: TU Wien
p_08428cfb4434,p_2509f720aa30,same_university,0.20,,Shared university: TU Wien
p_08428cfb4434,p_27b513013d06,same_university,0.20,,Shared university: TU Wien
p_08428cfb4434,p_2e603dc1c71c,same_university,0.20,,Shared university: TU Wien
p_08428cfb4434,p_37743812e7b8,same_university,0.20,,Shared university: TU Wien
p_08428cfb4434,p_38c8b73d6a2b,same_university,0.20,,Shared university: TU Wien
p_08428cfb4434,p_3f0f692d7d18,same_university,0.20,,Shared university: TU Wien
p_08428cfb4434,p_42e2f5bb234f,same_university,0.20,,Shared university: TU Wien
p_08428cfb4434,p_474b99321c8e,same_university,0.20,,Shared university: TU Wien
p_08428cfb4434,p_498e29fa4608,same_university,0.20,,Shared university: TU Wien
p_08428cfb4434,p_4cab06668830,same_university,0.20,,Shared university: TU Wien
p_08428cfb4434,p_4cc6a124d188,same_university,0.20,,Shared university: TU Wien
p_08428cfb4434,p_4dc4ecc133d9,same_university,0.20,,Shared university: TU Wien
p_08428cfb4434,p_4fc01d6873af,same_university,0.20,,Shared university: TU Wien
p_08428cfb4434,p_57e81a33799a,same_university,0.20,,Shared university: TU Wien
p_08428cfb4434,p_5ba48ee11139,same_university,0.20,,Shared university: TU Wien
p_08428cfb4434,p_6b040c1875f9,same_university,0.20,,Shared university: TU Wien
p_08428cfb4434,p_77cacdbdd3f6,same_university,0.20,,Shared university: TU Wien
p_08428cfb4434,p_7875be5ed0ba,same_university,0.20,,Shared university: TU Wien
p_08428cfb4434,p_809af1dac0a0,same_university,0.20,,Shared university: TU Wien
p_08428cfb4434,p_83c0e77cd9b3,same_university,0.20,,Shared university: TU Wien
p_08428cfb4434,p_8a50c5542f0a,same_university,0.20,,Shared university: TU Wien
p_08428cfb4434,p_92f17fe87fab,same_university,0.20,,Shared university: TU Wien
p_08428cfb4434,p_96c3dfdf7ef9,same_university,0.20,,Shared university: TU Wien
p_08428cfb4434,p_98110fe30104,same_university,0.20,,Shared university: TU Wien
p_08428cfb4434,p_98cd99958f30,same_university,0.20,,Shared university: TU Wien
p_08428cfb4434,p_9bbf7296597f,same_university,0.20,,Shared university: TU Wien
p_08428cfb4434,p_9d16806563dc,same_university,0.20,,Shared university: TU Wien
p_08428cfb4434,p_a12df22246c6,same_university,0.20,,Shared university: TU Wien
p_08428cfb4434,p_a3572a58b762,same_university,0.20,,Shared university: TU Wien
p_08428cfb4434,p_a41459cdd768,same_university,0.20,,Shared university: TU Wien
p_08428cfb4434,p_a94928a1c583,same_university,0.20,,Shared university: TU Wien
p_08428cfb4434,p_ad6993f05ccc,same_university,0.20,,Shared university: TU Wien
p_08428cfb4434,p_b3a0f268994f,same_university,0.20,,Shared university: TU Wien
p_08428cfb4434,p_b6f5c5402d18,same_university,0.20,,Shared university: TU Wien
p_08428cfb4434,p_b7d7331a7460,same_university,0.20,,Shared university: TU Wien
p_08428cfb4434,p_bc88d0286909,same_university,0.20,,Shared university: TU Wien
p_08428cfb4434,p_bdf69ab58730,same_university,0.20,,Shared university: TU Wien
p_08428cfb4434,p_c28424c7cff8,same_university,0.20,,Shared university: TU Wien
p_08428cfb4434,p_c4e79a8aedca,same_university,0.20,,Shared university: TU Wien
p_08428cfb4434,p_c8b99d53c18a,same_university,0.20,,Shared university: TU Wien
p_08428cfb4434,p_ca1dc2eed7f6,same_university,0.20,,Shared university: TU Wien
p_08428cfb4434,p_ca4a99f213dc,same_university,0.20,,Shared university: TU Wien
p_08428cfb4434,p_cc44e04be967,same_university,0.20,,Shared university: TU Wien
p_08428cfb4434,p_d48e4ef31772,same_university,0.20,,Shared university: TU Wien
p_08428cfb4434,p_d54412518e1d,same_university,0.20,,Shared university: TU Wien
p_08428cfb4434,p_d59111e0cf6d,same_university,0.20,,Shared university: TU Wien
p_08428cfb4434,p_d6acc5297b85,same_university,0.20,,Shared university: TU Wien
p_08428cfb4434,p_d96513056fad,same_university,0.20,,Shared university: TU Wien
p_08428cfb4434,p_d979c0609bb0,same_university,0.20,,Shared university: TU Wien
p_08428cfb4434,p_e3bdbee9f327,same_university,0.20,,Shared university: TU Wien
p_08428cfb4434,p_f0796af1f964,same_university,0.20,,Shared university: TU Wien
p_08428cfb4434,p_f5aae7a1da7f,same_university,0.20,,Shared university: TU Wien
p_08428cfb4434,p_f69c45a1adca,same_university,0.20,,Shared university: TU Wien
p_08428cfb4434,p_f6ca4ba0d6a3,same_university,0.20,,Shared university: TU Wien
p_08428cfb4434,p_f91fbfeafc03,same_university,0.20,,Shared university: TU Wien
p_08428cfb4434,p_f9a0dfb82f0c,same_university,0.20,,Shared university: TU Wien
p_08428cfb4434,p_faf0432d7287,same_university,0.20,,Shared university: TU Wien
p_08428cfb4434,p_faf72768d249,same_university,0.20,,Shared university: TU Wien
p_08428cfb4434,p_fc085ff11435,same_university,0.20,,Shared university: TU Wien
p_08428cfb4434,p_fe4fedd24693,same_university,0.20,,Shared university: TU Wien
p_0caa9f1e9444,p_daa023c4cfe0,same_university,0.20,,Shared university: University of Vienna
p_0caa9f1e9444,p_e2160261479b,same_university,0.20,,Shared university: University of Vienna
p_0f1c5362be36,p_0fb45048ee50,same_university,0.20,,Shared university: TU Wien
p_0f1c5362be36,p_18841830cbeb,same_university,0.20,,Shared university: TU Wien
p_0f1c5362be36,p_1f09b5d32cdd,same_university,0.20,,Shared university: TU Wien
p_0f1c5362be36,p_21213f62ac00,same_university,0.20,,Shared university: TU Wien
p_0f1c5362be36,p_2509f720aa30,same_university,0.20,,Shared university: TU Wien
p_0f1c5362be36,p_27b513013d06,same_university,0.20,,Shared university: TU Wien
p_0f1c5362be36,p_2e603dc1c71c,same_university,0.20,,Shared university: TU Wien
p_0f1c5362be36,p_37743812e7b8,same_university,0.20,,Shared university: TU Wien
p_0f1c5362be36,p_38c8b73d6a2b,same_university,0.20,,Shared university: TU Wien
p_0f1c5362be36,p_3f0f692d7d18,same_university,0.20,,Shared university: TU Wien
p_0f1c5362be36,p_42e2f5bb234f,same_university,0.20,,Shared university: TU Wien
p_0f1c5362be36,p_474b99321c8e,same_university,0.20,,Shared university: TU Wien
p_0f1c5362be36,p_498e29fa4608,same_university,0.20,,Shared university: TU Wien
p_0f1c5362be36,p_4cab06668830,same_university,0.20,,Shared university: TU Wien
p_0f1c5362be36,p_4cc6a124d188,same_university,0.20,,Shared university: TU Wien
p_0f1c5362be36,p_4dc4ecc133d9,same_university,0.20,,Shared university: TU Wien
p_0f1c5362be36,p_4fc01d6873af,same_university,0.20,,Shared university: TU Wien
p_0f1c5362be36,p_57e81a33799a,same_university,0.20,,Shared university: TU Wien
p_0f1c5362be36,p_5ba48ee11139,same_university,0.20,,Shared university: TU Wien
p_0f1c5362be36,p_6b040c1875f9,same_university,0.20,,Shared university: TU Wien
p_0f1c5362be36,p_77cacdbdd3f6,same_university,0.20,,Shared university: TU Wien
p_0f1c5362be36,p_7875be5ed0ba,same_university,0.20,,Shared university: TU Wien
p_0f1c5362be36,p_809af1dac0a0,same_university,0.20,,Shared university: TU Wien
p_0f1c5362be36,p_83c0e77cd9b3,same_university,0.20,,Shared university: TU Wien
p_0f1c5362be36,p_8a50c5542f0a,same_university,0.20,,Shared university: TU Wien
p_0f1c5362be36,p_92f17fe87fab,same_university,0.20,,Shared university: TU Wien
p_0f1c5362be36,p_96c3dfdf7ef9,same_university,0.20,,Shared university: TU Wien
p_0f1c5362be36,p_98110fe30104,same_university,0.20,,Shared university: TU Wien
p_0f1c5362be36,p_98cd99958f30,same_university,0.20,,Shared university: TU Wien
p_0f1c5362be36,p_9bbf7296597f,same_university,0.20,,Shared university: TU Wien
p_0f1c5362be36,p_9d16806563dc,same_university,0.20,,Shared university: TU Wien
p_0f1c5362be36,p_a12df22246c6,same_university,0.20,,Shared university: TU Wien
p_0f1c5362be36,p_a3572a58b762,same_university,0.20,,Shared university: TU Wien
p_0f1c5362be36,p_a41459cdd768,same_university,0.20,,Shared university: TU Wien
p_0f1c5362be36,p_a94928a1c583,same_university,0.20,,Shared university: TU Wien
p_0f1c5362be36,p_ad6993f05ccc,same_university,0.20,,Shared university: TU Wien
p_0f1c5362be36,p_b3a0f268994f,same_university,0.20,,Shared university: TU Wien
p_0f1c5362be36,p_b6f5c5402d18,same_university,0.20,,Shared university: TU Wien
p_0f1c5362be36,p_b7d7331a7460,same_university,0.20,,Shared university: TU Wien
p_0f1c5362be36,p_bc88d0286909,same_university,0.20,,Shared university: TU Wien
p_0f1c5362be36,p_bdf69ab58730,same_university,0.20,,Shared university: TU Wien
p_0f1c5362be36,p_c28424c7cff8,same_university,0.20,,Shared university: TU Wien
p_0f1c5362be36,p_c4e79a8aedca,same_university,0.20,,Shared university: TU Wien
p_0f1c5362be36,p_c8b99d53c18a,same_university,0.20,,Shared university: TU Wien
p_0f1c5362be36,p_ca1dc2eed7f6,same_university,0.20,,Shared university: TU Wien
p_0f1c5362be36,p_ca4a99f213dc,same_university,0.20,,Shared university: TU Wien
p_0f1c5362be36,p_cc44e04be967,same_university,0.20,,Shared university: TU Wien
p_0f1c5362be36,p_d48e4ef31772,same_university,0.20,,Shared university: TU Wien
p_0f1c5362be36,p_d54412518e1d,same_university,0.20,,Shared university: TU Wien
p_0f1c5362be36,p_d59111e0cf6d,same_university,0.20,,Shared university: TU Wien
p_0f1c5362be36,p_d6acc5297b85,same_university,0.20,,Shared university: TU Wien
p_0f1c5362be36,p_d96513056fad,same_university,0.20,,Shared university: TU Wien
p_0f1c5362be36,p_d979c0609bb0,same_university,0.20,,Shared university: TU Wien
p_0f1c5362be36,p_e3bdbee9f327,same_university,0.20,,Shared university: TU Wien
p_0f1c5362be36,p_f0796af1f964,same_university,0.20,,Shared university: TU Wien
p_0f1c5362be36,p_f5aae7a1da7f,same_university,0.20,,Shared university: TU Wien
p_0f1c5362be36,p_f69c45a1adca,same_university,0.20,,Shared university: TU Wien
p_0f1c5362be36,p_f6ca4ba0d6a3,same_university,0.20,,Shared university: TU Wien
p_0f1c5362be36,p_f91fbfeafc03,same_university,0.20,,Shared university: TU Wien
p_0f1c5362be36,p_f9a0dfb82f0c,same_university,0.20,,Shared university: TU Wien
p_0f1c5362be36,p_faf0432d7287,same_university,0.20,,Shared university: TU Wien
p_0f1c5362be36,p_faf72768d249,same_university,0.20,,Shared university: TU Wien
p_0f1c5362be36,p_fc085ff11435,same_university,0.20,,Shared university: TU Wien
p_0f1c5362be36,p_fe4fedd24693,same_university,0.20,,Shared university: TU Wien
p_0fb45048ee50,p_3f0f692d7d18,same_university,0.20,,Shared university: TU Wien
p_0fb45048ee50,p_83b541e9bcf1,same_university,0.20,,Shared university: TU Wien
p_0fb45048ee50,p_a028904c9e1a,same_university,0.20,,Shared university: TU Wien
p_0fb45048ee50,p_a12df22246c6,same_university,0.20,,Shared university: TU Wien
p_0fb45048ee50,p_b8ec718bc717,same_university,0.20,,Shared university: TU Wien
p_0fb45048ee50,p_d3ba47c6902d,same_university,0.20,,Shared university: TU Wien
p_0fb45048ee50,p_dc4fb3952406,same_university,0.20,,Shared university: TU Wien
p_18841830cbeb,p_3f0f692d7d18,same_university,0.20,,Shared university: TU Wien
p_18841830cbeb,p_83b541e9bcf1,same_university,0.20,,Shared university: TU Wien
p_18841830cbeb,p_a028904c9e1a,same_university,0.20,,Shared university: TU Wien
p_18841830cbeb,p_a12df22246c6,same_university,0.20,,Shared university: TU Wien
p_18841830cbeb,p_b8ec718bc717,same_university,0.20,,Shared university: TU Wien
p_18841830cbeb,p_d3ba47c6902d,same_university,0.20,,Shared university: TU Wien
p_18841830cbeb,p_dc4fb3952406,same_university,0.20,,Shared university: TU Wien
p_1f09b5d32cdd,p_3f0f692d7d18,same_university,0.20,,Shared university: TU Wien
p_1f09b5d32cdd,p_83b541e9bcf1,same_university,0.20,,Shared university: TU Wien
p_1f09b5d32cdd,p_a028904c9e1a,same_university,0.20,,Shared university: TU Wien
p_1f09b5d32cdd,p_a12df22246c6,same_university,0.20,,Shared university: TU Wien
p_1f09b5d32cdd,p_b8ec718bc717,same_university,0.20,,Shared university: TU Wien
p_1f09b5d32cdd,p_d3ba47c6902d,same_university,0.20,,Shared university: TU Wien
p_1f09b5d32cdd,p_dc4fb3952406,same_university,0.20,,Shared university: TU Wien
p_21213f62ac00,p_3f0f692d7d18,same_university,0.20,,Shared university: TU Wien
p_21213f62ac00,p_83b541e9bcf1,same_university,0.20,,Shared university: TU Wien
p_21213f62ac00,p_a028904c9e1a,same_university,0.20,,Shared university: TU Wien
p_21213f62ac00,p_a12df22246c6,same_university,0.20,,Shared university: TU Wien
p_21213f62ac00,p_b8ec718bc717,same_university,0.20,,Shared university: TU Wien
p_21213f62ac00,p_d3ba47c6902d,same_university,0.20,,Shared university: TU Wien
p_21213f62ac00,p_dc4fb3952406,same_university,0.20,,Shared university: TU Wien
p_2509f720aa30,p_3f0f692d7d18,same_university,0.20,,Shared university: TU Wien
p_2509f720aa30,p_83b541e9bcf1,same_university,0.20,,Shared university: TU Wien
p_2509f720aa30,p_a028904c9e1a,same_university,0.20,,Shared university: TU Wien
p_2509f720aa30,p_a12df22246c6,same_university,0.20,,Shared university: TU Wien
p_2509f720aa30,p_b8ec718bc717,same_university,0.20,,Shared university: TU Wien
p_2509f720aa30,p_d3ba47c6902d,same_university,0.20,,Shared university: TU Wien
p_2509f720aa30,p_dc4fb3952406,same_university,0.20,,Shared university: TU Wien
p_27b513013d06,p_3f0f692d7d18,same_university,0.20,,Shared university: TU Wien
p_27b513013d06,p_83b541e9bcf1,same_university,0.20,,Shared university: TU Wien
p_27b513013d06,p_a028904c9e1a,same_university,0.20,,Shared university: TU Wien
p_27b513013d06,p_a12df22246c6,same_university,0.20,,Shared university: TU Wien
p_27b513013d06,p_b8ec718bc717,same_university,0.20,,Shared university: TU Wien
p_27b513013d06,p_d3ba47c6902d,same_university,0.20,,Shared university: TU Wien
p_27b513013d06,p_dc4fb3952406,same_university,0.20,,Shared university: TU Wien
p_2e603dc1c71c,p_3f0f692d7d18,same_university,0.20,,Shared university: TU Wien
p_2e603dc1c71c,p_83b541e9bcf1,same_university,0.20,,Shared university: TU Wien
p_2e603dc1c71c,p_a028904c9e1a,same_university,0.20,,Shared university: TU Wien
p_2e603dc1c71c,p_a12df22246c6,same_university,0.20,,Shared university: TU Wien
p_2e603dc1c71c,p_b8ec718bc717,same_university,0.20,,Shared university: TU Wien
p_2e603dc1c71c,p_d3ba47c6902d,same_university,0.20,,Shared university: TU Wien
p_2e603dc1c71c,p_dc4fb3952406,same_university,0.20,,Shared university: TU Wien
p_37743812e7b8,p_3f0f692d7d18,same_university,0.20,,Shared university: TU Wien
p_37743812e7b8,p_83b541e9bcf1,same_university,0.20,,Shared university: TU Wien
p_37743812e7b8,p_a028904c9e1a,same_university,0.20,,Shared university: TU Wien
p_37743812e7b8,p_a12df22246c6,same_university,0.20,,Shared university: TU Wien
p_37743812e7b8,p_b8ec718bc717,same_university,0.20,,Shared university: TU Wien
p_37743812e7b8,p_d3ba47c6902d,same_university,0.20,,Shared university: TU Wien
p_37743812e7b8,p_dc4fb3952406,same_university,0.20,,Shared university: TU Wien
p_38c8b73d6a2b,p_3f0f692d7d18,same_university,0.20,,Shared university: TU Wien
p_38c8b73d6a2b,p_83b541e9bcf1,same_university,0.20,,Shared university: TU Wien
p_38c8b73d6a2b,p_a028904c9e1a,same_university,0.20,,Shared university: TU Wien
p_38c8b73d6a2b,p_a12df22246c6,same_university,0.20,,Shared university: TU Wien
p_38c8b73d6a2b,p_b8ec718bc717,same_university,0.20,,Shared university: TU Wien
p_38c8b73d6a2b,p_d3ba47c6902d,same_university,0.20,,Shared university: TU Wien
p_38c8b73d6a2b,p_dc4fb3952406,same_university,0.20,,Shared university: TU Wien
p_3f0f692d7d18,p_42e2f5bb234f,same_university,0.20,,Shared university: TU Wien
p_3f0f692d7d18,p_474b99321c8e,same_university,0.20,,Shared university: TU Wien
p_3f0f692d7d18,p_498e29fa4608,same_university,0.20,,Shared university: TU Wien
p_3f0f692d7d18,p_4cab06668830,same_university,0.20,,Shared university: TU Wien
p_3f0f692d7d18,p_4cc6a124d188,same_university,0.20,,Shared university: TU Wien
p_3f0f692d7d18,p_4dc4ecc133d9,same_university,0.20,,Shared university: TU Wien
p_3f0f692d7d18,p_4fc01d6873af,same_university,0.20,,Shared university: TU Wien
p_3f0f692d7d18,p_57e81a33799a,same_university,0.20,,Shared university: TU Wien
p_3f0f692d7d18,p_5ba48ee11139,same_university,0.20,,Shared university: TU Wien
p_3f0f692d7d18,p_6b040c1875f9,same_university,0.20,,Shared university: TU Wien
p_3f0f692d7d18,p_77cacdbdd3f6,same_university,0.20,,Shared university: TU Wien
p_3f0f692d7d18,p_7875be5ed0ba,same_university,0.20,,Shared university: TU Wien
p_3f0f692d7d18,p_809af1dac0a0,same_university,0.20,,Shared university: TU Wien
p_3f0f692d7d18,p_83b541e9bcf1,same_university,0.20,,Shared university: TU Wien
p_3f0f692d7d18,p_83c0e77cd9b3,same_university,0.20,,Shared university: TU Wien
p_3f0f692d7d18,p_8a50c5542f0a,same_university,0.20,,Shared university: TU Wien
p_3f0f692d7d18,p_92f17fe87fab,same_university,0.20,,Shared university: TU Wien
p_3f0f692d7d18,p_96c3dfdf7ef9,same_university,0.20,,Shared university: TU Wien
p_3f0f692d7d18,p_98110fe30104,same_university,0.20,,Shared university: TU Wien
p_3f0f692d7d18,p_98cd99958f30,same_university,0.20,,Shared university: TU Wien
p_3f0f692d7d18,p_9bbf7296597f,same_university,0.20,,Shared university: TU Wien
p_3f0f692d7d18,p_9d16806563dc,same_university,0.20,,Shared university: TU Wien
p_3f0f692d7d18,p_a028904c9e1a,same_university,0.20,,Shared university: TU Wien
p_3f0f692d7d18,p_a3572a58b762,same_university,0.20,,Shared university: TU Wien
p_3f0f692d7d18,p_a41459cdd768,same_university,0.20,,Shared university: TU Wien
p_3f0f692d7d18,p_a94928a1c583,same_university,0.20,,Shared university: TU Wien
p_3f0f692d7d18,p_ad6993f05ccc,same_university,0.20,,Shared university: TU Wien
p_3f0f692d7d18,p_b3a0f268994f,same_university,0.20,,Shared university: TU Wien
p_3f0f692d7d18,p_b6f5c5402d18,same_university,0.20,,Shared university: TU Wien
p_3f0f692d7d18,p_b7d7331a7460,same_university,0.20,,Shared university: TU Wien
p_3f0f692d7d18,p_b8ec718bc717,same_university,0.20,,Shared university: TU Wien
p_3f0f692d7d18,p_bc88d0286909,same_university,0.20,,Shared university: TU Wien
p_3f0f692d7d18,p_bdf69ab58730,same_university,0.20,,Shared university: TU Wien
p_3f0f692d7d18,p_c28424c7cff8,same_university,0.20,,Shared university: TU Wien
p_3f0f692d7d18,p_c4e79a8aedca,same_university,0.20,,Shared university: TU Wien
p_3f0f692d7d18,p_c8b99d53c18a,same_university,0.20,,Shared university: TU Wien
p_3f0f692d7d18,p_ca1dc2eed7f6,same_university,0.20,,Shared university: TU Wien
p_3f0f692d7d18,p_ca4a99f213dc,same_university,0.20,,Shared university: TU Wien
p_3f0f692d7d18,p_cc44e04be967,same_university,0.20,,Shared university: TU Wien
p_3f0f692d7d18,p_d3ba47c6902d,same_university,0.20,,Shared university: TU Wien
p_3f0f692d7d18,p_d48e4ef31772,same_university,0.20,,Shared university: TU Wien
p_3f0f692d7d18,p_d54412518e1d,same_university,0.20,,Shared university: TU Wien
p_3f0f692d7d18,p_d59111e0cf6d,same_university,0.20,,Shared university: TU Wien
p_3f0f692d7d18,p_d6acc5297b85,same_university,0.20,,Shared university: TU Wien
p_3f0f692d7d18,p_d96513056fad,same_university,0.20,,Shared university: TU Wien
p_3f0f692d7d18,p_d979c0609bb0,same_university,0.20,,Shared university: TU Wien
p_3f0f692d7d18,p_dc4fb3952406,same_university,0.20,,Shared university: TU Wien
p_3f0f692d7d18,p_e3bdbee9f327,same_university,0.20,,Shared university: TU Wien
p_3f0f692d7d18,p_f0796af1f964,same_university,0.20,,Shared university: TU Wien
p_3f0f692d7d18,p_f5aae7a1da7f,same_university,0.20,,Shared university: TU Wien
p_3f0f692d7d18,p_f69c45a1adca,same_university,0.20,,Shared university: TU Wien
p_3f0f692d7d18,p_f6ca4ba0d6a3,same_university,0.20,,Shared university: TU Wien
p_3f0f692d7d18,p_f91fbfeafc03,same_university,0.20,,Shared university: TU Wien
p_3f0f692d7d18,p_f9a0dfb82f0c,same_university,0.20,,Shared university: TU Wien
p_3f0f692d7d18,p_faf0432d7287,same_university,0.20,,Shared university: TU Wien
p_3f0f692d7d18,p_faf72768d249,same_university,0.20,,Shared university: TU Wien
p_3f0f692d7d18,p_fc085ff11435,same_university,0.20,,Shared university: TU Wien
p_3f0f692d7d18,p_fe4fedd24693,same_university,0.20,,Shared university: TU Wien
p_42e2f5bb234f,p_83b541e9bcf1,same_university,0.20,,Shared university: TU Wien
p_42e2f5bb234f,p_a028904c9e1a,same_university,0.20,,Shared university: TU Wien
p_42e2f5bb234f,p_a12df22246c6,same_university,0.20,,Shared university: TU Wien
p_42e2f5bb234f,p_b8ec718bc717,same_university,0.20,,Shared university: TU Wien
p_42e2f5bb234f,p_d3ba47c6902d,same_university,0.20,,Shared university: TU Wien
p_42e2f5bb234f,p_dc4fb3952406,same_university,0.20,,Shared university: TU Wien
p_474b99321c8e,p_83b541e9bcf1,same_university,0.20,,Shared university: TU Wien
p_474b99321c8e,p_a028904c9e1a,same_university,0.20,,Shared university: TU Wien
p_474b99321c8e,p_a12df22246c6,same_university,0.20,,Shared university: TU Wien
p_474b99321c8e,p_b8ec718bc717,same_university,0.20,,Shared university: TU Wien
p_474b99321c8e,p_d3ba47c6902d,same_university,0.20,,Shared university: TU Wien
p_474b99321c8e,p_dc4fb3952406,same_university,0.20,,Shared university: TU Wien
p_498e29fa4608,p_83b541e9bcf1,same_university,0.20,,Shared university: TU Wien
p_498e29fa4608,p_a028904c9e1a,same_university,0.20,,Shared university: TU Wien
p_498e29fa4608,p_a12df22246c6,same_university,0.20,,Shared university: TU Wien
p_498e29fa4608,p_b8ec718bc717,same_university,0.20,,Shared university: TU Wien
p_498e29fa4608,p_d3ba47c6902d,same_university,0.20,,Shared university: TU Wien
p_498e29fa4608,p_dc4fb3952406,same_university,0.20,,Shared university: TU Wien
p_4cab06668830,p_83b541e9bcf1,same_university,0.20,,Shared university: TU Wien
p_4cab06668830,p_a028904c9e1a,same_university,0.20,,Shared university: TU Wien
p_4cab06668830,p_a12df22246c6,same_university,0.20,,Shared university: TU Wien
p_4cab06668830,p_b8ec718bc717,same_university,0.20,,Shared university: TU Wien
p_4cab06668830,p_d3ba47c6902d,same_university,0.20,,Shared university: TU Wien
p_4cab06668830,p_dc4fb3952406,same_university,0.20,,Shared university: TU Wien
p_4cc6a124d188,p_83b541e9bcf1,same_university,0.20,,Shared university: TU Wien
p_4cc6a124d188,p_a028904c9e1a,same_university,0.20,,Shared university: TU Wien
p_4cc6a124d188,p_a12df22246c6,same_university,0.20,,Shared university: TU Wien
p_4cc6a124d188,p_b8ec718bc717,same_university,0.20,,Shared university: TU Wien
p_4cc6a124d188,p_d3ba47c6902d,same_university,0.20,,Shared university: TU Wien
p_4cc6a124d188,p_dc4fb3952406,same_university,0.20,,Shared university: TU Wien
p_4dc4ecc133d9,p_83b541e9bcf1,same_university,0.20,,Shared university: TU Wien
p_4dc4ecc133d9,p_a028904c9e1a,same_university,0.20,,Shared university: TU Wien
p_4dc4ecc133d9,p_a12df22246c6,same_university,0.20,,Shared university: TU Wien
p_4dc4ecc133d9,p_b8ec718bc717,same_university,0.20,,Shared university: TU Wien
p_4dc4ecc133d9,p_d3ba47c6902d,same_university,0.20,,Shared university: TU Wien
p_4dc4ecc133d9,p_dc4fb3952406,same_university,0.20,,Shared university: TU Wien
p_4fc01d6873af,p_83b541e9bcf1,same_university,0.20,,Shared university: TU Wien
p_4fc01d6873af,p_a028904c9e1a,same_university,0.20,,Shared university: TU Wien
p_4fc01d6873af,p_a12df22246c6,same_university,0.20,,Shared university: TU Wien
p_4fc01d6873af,p_b8ec718bc717,same_university,0.20,,Shared university: TU Wien
p_4fc01d6873af,p_d3ba47c6902d,same_university,0.20,,Shared university: TU Wien
p_4fc01d6873af,p_dc4fb3952406,same_university,0.20,,Shared university: TU Wien
p_57e81a33799a,p_83b541e9bcf1,same_university,0.20,,Shared university: TU Wien
p_57e81a33799a,p_a028904c9e1a,same_university,0.20,,Shared university: TU Wien
p_57e81a33799a,p_a12df22246c6,same_university,0.20,,Shared university: TU Wien
p_57e81a33799a,p_b8ec718bc717,same_university,0.20,,Shared university: TU Wien
p_57e81a33799a,p_d3ba47c6902d,same_university,0.20,,Shared university: TU Wien
p_57e81a33799a,p_dc4fb3952406,same_university,0.20,,Shared university: TU Wien
p_5ba48ee11139,p_83b541e9bcf1,same_university,0.20,,Shared university: TU Wien
p_5ba48ee11139,p_a028904c9e1a,same_university,0.20,,Shared university: TU Wien
p_5ba48ee11139,p_a12df22246c6,same_university,0.20,,Shared university: TU Wien
p_5ba48ee11139,p_b8ec718bc717,same_university,0.20,,Shared university: TU Wien
p_5ba48ee11139,p_d3ba47c6902d,same_university,0.20,,Shared university: TU Wien
p_5ba48ee11139,p_dc4fb3952406,same_university,0.20,,Shared university: TU Wien
p_6b040c1875f9,p_83b541e9bcf1,same_university,0.20,,Shared university: TU Wien
p_6b040c1875f9,p_a028904c9e1a,same_university,0.20,,Shared university: TU Wien
p_6b040c1875f9,p_a12df22246c6,same_university,0.20,,Shared university: TU Wien
p_6b040c1875f9,p_b8ec718bc717,same_university,0.20,,Shared university: TU Wien
p_6b040c1875f9,p_d3ba47c6902d,same_university,0.20,,Shared university: TU Wien
p_6b040c1875f9,p_dc4fb3952406,same_university,0.20,,Shared university: TU Wien
p_77cacdbdd3f6,p_83b541e9bcf1,same_university,0.20,,Shared university: TU Wien
p_77cacdbdd3f6,p_a028904c9e1a,same_university,0.20,,Shared university: TU Wien
p_77cacdbdd3f6,p_a12df22246c6,same_university,0.20,,Shared university: TU Wien
p_77cacdbdd3f6,p_b8ec718bc717,same_university,0.20,,Shared university: TU Wien
p_77cacdbdd3f6,p_d3ba47c6902d,same_university,0.20,,Shared university: TU Wien
p_77cacdbdd3f6,p_dc4fb3952406,same_university,0.20,,Shared university: TU Wien
p_7875be5ed0ba,p_83b541e9bcf1,same_university,0.20,,Shared university: TU Wien
p_7875be5ed0ba,p_a028904c9e1a,same_university,0.20,,Shared university: TU Wien
p_7875be5ed0ba,p_a12df22246c6,same_university,0.20,,Shared university: TU Wien
p_7875be5ed0ba,p_b8ec718bc717,same_university,0.20,,Shared university: TU Wien
p_7875be5ed0ba,p_d3ba47c6902d,same_university,0.20,,Shared university: TU Wien
p_7875be5ed0ba,p_dc4fb3952406,same_university,0.20,,Shared university: TU Wien
p_809af1dac0a0,p_83b541e9bcf1,same_university,0.20,,Shared university: TU Wien
p_809af1dac0a0,p_a028904c9e1a,same_university,0.20,,Shared university: TU Wien
p_809af1dac0a0,p_a12df22246c6,same_university,0.20,,Shared university: TU Wien
p_809af1dac0a0,p_b8ec718bc717,same_university,0.20,,Shared university: TU Wien
p_809af1dac0a0,p_d3ba47c6902d,same_university,0.20,,Shared university: TU Wien
p_809af1dac0a0,p_dc4fb3952406,same_university,0.20,,Shared university: TU Wien
p_83b541e9bcf1,p_83c0e77cd9b3,same_university,0.20,,Shared university: TU Wien
p_83b541e9bcf1,p_8a50c5542f0a,same_university,0.20,,Shared university: TU Wien
p_83b541e9bcf1,p_92f17fe87fab,same_university,0.20,,Shared university: TU Wien
p_83b541e9bcf1,p_96c3dfdf7ef9,same_university,0.20,,Shared university: TU Wien
p_83b541e9bcf1,p_98110fe30104,same_university,0.20,,Shared university: TU Wien
p_83b541e9bcf1,p_98cd99958f30,same_university,0.20,,Shared university: TU Wien
p_83b541e9bcf1,p_9bbf7296597f,same_university,0.20,,Shared university: TU Wien
p_83b541e9bcf1,p_9d16806563dc,same_university,0.20,,Shared university: TU Wien
p_83b541e9bcf1,p_a12df22246c6,same_university,0.20,,Shared university: TU Wien
p_83b541e9bcf1,p_a3572a58b762,same_university,0.20,,Shared university: TU Wien
p_83b541e9bcf1,p_a41459cdd768,same_university,0.20,,Shared university: TU Wien
p_83b541e9bcf1,p_a94928a1c583,same_university,0.20,,Shared university: TU Wien
p_83b541e9bcf1,p_ad6993f05ccc,same_university,0.20,,Shared university: TU Wien
p_83b541e9bcf1,p_b3a0f268994f,same_university,0.20,,Shared university: TU Wien
p_83b541e9bcf1,p_b6f5c5402d18,same_university,0.20,,Shared university: TU Wien
p_83b541e9bcf1,p_b7d7331a7460,same_university,0.20,,Shared university: TU Wien
p_83b541e9bcf1,p_bc88d0286909,same_university,0.20,,Shared university: TU Wien
p_83b541e9bcf1,p_bdf69ab58730,same_university,0.20,,Shared university: TU Wien
p_83b541e9bcf1,p_c28424c7cff8,same_university,0.20,,Shared university: TU Wien
p_83b541e9bcf1,p_c4e79a8aedca,same_university,0.20,,Shared university: TU Wien
p_83b541e9bcf1,p_c8b99d53c18a,same_university,0.20,,Shared university: TU Wien
p_83b541e9bcf1,p_ca1dc2eed7f6,same_university,0.20,,Shared university: TU Wien
p_83b541e9bcf1,p_ca4a99f213dc,same_university,0.20,,Shared university: TU Wien
p_83b541e9bcf1,p_cc44e04be967,same_university,0.20,,Shared university: TU Wien
p_83b541e9bcf1,p_d48e4ef31772,same_university,0.20,,Shared university: TU Wien
p_83b541e9bcf1,p_d54412518e1d,same_university,0.20,,Shared university: TU Wien
p_83b541e9bcf1,p_d59111e0cf6d,same_university,0.20,,Shared university: TU Wien
p_83b541e9bcf1,p_d6acc5297b85,same_university,0.20,,Shared university: TU Wien
p_83b541e9bcf1,p_d96513056fad,same_university,0.20,,Shared university: TU Wien
p_83b541e9bcf1,p_d979c0609bb0,same_university,0.20,,Shared university: TU Wien
p_83b541e9bcf1,p_e3bdbee9f327,same_university,0.20,,Shared university: TU Wien
p_83b541e9bcf1,p_f0796af1f964,same_university,0.20,,Shared university: TU Wien
p_83b541e9bcf1,p_f5aae7a1da7f,same_university,0.20,,Shared university: TU Wien
p_83b541e9bcf1,p_f69c45a1adca,same_university,0.20,,Shared university: TU Wien
p_83b541e9bcf1,p_f6ca4ba0d6a3,same_university,0.20,,Shared university: TU Wien
p_83b541e9bcf1,p_f91fbfeafc03,same_university,0.20,,Shared university: TU Wien
p_83b541e9bcf1,p_f9a0dfb82f0c,same_university,0.20,,Shared university: TU Wien
p_83b541e9bcf1,p_faf0432d7287,same_university,0.20,,Shared university: TU Wien
p_83b541e9bcf1,p_faf72768d249,same_university,0.20,,Shared university: TU Wien
p_83b541e9bcf1,p_fc085ff11435,same_university,0.20,,Shared university: TU Wien
p_83b541e9bcf1,p_fe4fedd24693,same_university,0.20,,Shared university: TU Wien
p_83c0e77cd9b3,p_a028904c9e1a,same_university,0.20,,Shared university: TU Wien
p_83c0e77cd9b3,p_a12df22246c6,same_university,0.20,,Shared university: TU Wien
p_83c0e77cd9b3,p_b8ec718bc717,same_university,0.20,,Shared university: TU Wien
p_83c0e77cd9b3,p_d3ba47c6902d,same_university,0.20,,Shared university: TU Wien
p_83c0e77cd9b3,p_dc4fb3952406,same_university,0.20,,Shared university: TU Wien
p_881b0250c99b,p_daa023c4cfe0,same_university,0.20,,Shared university: University of Vienna
p_881b0250c99b,p_e2160261479b,same_university,0.20,,Shared university: University of Vienna
p_8a50c5542f0a,p_a028904c9e1a,same_university,0.20,,Shared university: TU Wien
p_8a50c5542f0a,p_a12df22246c6,same_university,0.20,,Shared university: TU Wien
p_8a50c5542f0a,p_b8ec718bc717,same_university,0.20,,Shared university: TU Wien
p_8a50c5542f0a,p_d3ba47c6902d,same_university,0.20,,Shared university: TU Wien
p_8a50c5542f0a,p_dc4fb3952406,same_university,0.20,,Shared university: TU Wien
p_92f17fe87fab,p_a028904c9e1a,same_university,0.20,,Shared university: TU Wien
p_92f17fe87fab,p_a12df22246c6,same_university,0.20,,Shared university: TU Wien
p_92f17fe87fab,p_b8ec718bc717,same_university,0.20,,Shared university: TU Wien
p_92f17fe87fab,p_d3ba47c6902d,same_university,0.20,,Shared university: TU Wien
p_92f17fe87fab,p_dc4fb3952406,same_university,0.20,,Shared university: TU Wien
p_96c3dfdf7ef9,p_a028904c9e1a,same_university,0.20,,Shared university: TU Wien
p_96c3dfdf7ef9,p_a12df22246c6,same_university,0.20,,Shared university: TU Wien
p_96c3dfdf7ef9,p_b8ec718bc717,same_university,0.20,,Shared university: TU Wien
p_96c3dfdf7ef9,p_d3ba47c6902d,same_university,0.20,,Shared university: TU Wien
p_96c3dfdf7ef9,p_dc4fb3952406,same_university,0.20,,Shared university: TU Wien
p_98110fe30104,p_a028904c9e1a,same_university,0.20,,Shared university: TU Wien
p_98110fe30104,p_a12df22246c6,same_university,0.20,,Shared university: TU Wien
p_98110fe30104,p_b8ec718bc717,same_university,0.20,,Shared university: TU Wien
p_98110fe30104,p_d3ba47c6902d,same_university,0.20,,Shared university: TU Wien
p_98110fe30104,p_dc4fb3952406,same_university,0.20,,Shared university: TU Wien
p_98cd99958f30,p_a028904c9e1a,same_university,0.20,,Shared university: TU Wien
p_98cd99958f30,p_a12df22246c6,same_university,0.20,,Shared university: TU Wien
p_98cd99958f30,p_b8ec718bc717,same_university,0.20,,Shared university: TU Wien
p_98cd99958f30,p_d3ba47c6902d,same_university,0.20,,Shared university: TU Wien
p_98cd99958f30,p_dc4fb3952406,same_university,0.20,,Shared university: TU Wien
p_9bbf7296597f,p_a028904c9e1a,same_university,0.20,,Shared university: TU Wien
p_9bbf7296597f,p_a12df22246c6,same_university,0.20,,Shared university: TU Wien
p_9bbf7296597f,p_b8ec718bc717,same_university,0.20,,Shared university: TU Wien
p_9bbf7296597f,p_d3ba47c6902d,same_university,0.20,,Shared university: TU Wien
p_9bbf7296597f,p_dc4fb3952406,same_university,0.20,,Shared university: TU Wien
p_9d16806563dc,p_a028904c9e1a,same_university,0.20,,Shared university: TU Wien
p_9d16806563dc,p_a12df22246c6,same_university,0.20,,Shared university: TU Wien
p_9d16806563dc,p_b8ec718bc717,same_university,0.20,,Shared university: TU Wien
p_9d16806563dc,p_d3ba47c6902d,same_university,0.20,,Shared university: TU Wien
p_9d16806563dc,p_dc4fb3952406,same_university,0.20,,Shared university: TU Wien
p_a028904c9e1a,p_a12df22246c6,same_university,0.20,,Shared university: TU Wien
p_a028904c9e1a,p_a3572a58b762,same_university,0.20,,Shared university: TU Wien
p_a028904c9e1a,p_a41459cdd768,same_university,0.20,,Shared university: TU Wien
p_a028904c9e1a,p_a94928a1c583,same_university,0.20,,Shared university: TU Wien
p_a028904c9e1a,p_ad6993f05ccc,same_university,0.20,,Shared university: TU Wien
p_a028904c9e1a,p_b3a0f268994f,same_university,0.20,,Shared university: TU Wien
p_a028904c9e1a,p_b6f5c5402d18,same_university,0.20,,Shared university: TU Wien
p_a028904c9e1a,p_b7d7331a7460,same_university,0.20,,Shared university: TU Wien
p_a028904c9e1a,p_bc88d0286909,same_university,0.20,,Shared university: TU Wien
p_a028904c9e1a,p_bdf69ab58730,same_university,0.20,,Shared university: TU Wien
p_a028904c9e1a,p_c28424c7cff8,same_university,0.20,,Shared university: TU Wien
p_a028904c9e1a,p_c4e79a8aedca,same_university,0.20,,Shared university: TU Wien
p_a028904c9e1a,p_c8b99d53c18a,same_university,0.20,,Shared university: TU Wien
p_a028904c9e1a,p_ca1dc2eed7f6,same_university,0.20,,Shared university: TU Wien
p_a028904c9e1a,p_ca4a99f213dc,same_university,0.20,,Shared university: TU Wien
p_a028904c9e1a,p_cc44e04be967,same_university,0.20,,Shared university: TU Wien
p_a028904c9e1a,p_d48e4ef31772,same_university,0.20,,Shared university: TU Wien
p_a028904c9e1a,p_d54412518e1d,same_university,0.20,,Shared university: TU Wien
p_a028904c9e1a,p_d59111e0cf6d,same_university,0.20,,Shared university: TU Wien
p_a028904c9e1a,p_d6acc5297b85,same_university,0.20,,Shared university: TU Wien
p_a028904c9e1a,p_d96513056fad,same_university,0.20,,Shared university: TU Wien
p_a028904c9e1a,p_d979c0609bb0,same_university,0.20,,Shared university: TU Wien
p_a028904c9e1a,p_e3bdbee9f327,same_university,0.20,,Shared university: TU Wien
p_a028904c9e1a,p_f0796af1f964,same_university,0.20,,Shared university: TU Wien
p_a028904c9e1a,p_f5aae7a1da7f,same_university,0.20,,Shared university: TU Wien
p_a028904c9e1a,p_f69c45a1adca,same_university,0.20,,Shared university: TU Wien
p_a028904c9e1a,p_f6ca4ba0d6a3,same_university,0.20,,Shared university: TU Wien
p_a028904c9e1a,p_f91fbfeafc03,same_university,0.20,,Shared university: TU Wien
p_a028904c9e1a,p_f9a0dfb82f0c,same_university,0.20,,Shared university: TU Wien
p_a028904c9e1a,p_faf0432d7287,same_university,0.20,,Shared university: TU Wien
p_a028904c9e1a,p_faf72768d249,same_university,0.20,,Shared university: TU Wien
p_a028904c9e1a,p_fc085ff11435,same_university,0.20,,Shared university: TU Wien
p_a028904c9e1a,p_fe4fedd24693,same_university,0.20,,Shared university: TU Wien
p_a12df22246c6,p_a3572a58b762,same_university,0.20,,Shared university: TU Wien
p_a12df22246c6,p_a41459cdd768,same_university,0.20,,Shared university: TU Wien
p_a12df22246c6,p_a94928a1c583,same_university,0.20,,Shared university: TU Wien
p_a12df22246c6,p_ad6993f05ccc,same_university,0.20,,Shared university: TU Wien
p_a12df22246c6,p_b3a0f268994f,same_university,0.20,,Shared university: TU Wien
p_a12df22246c6,p_b6f5c5402d18,same_university,0.20,,Shared university: TU Wien
p_a12df22246c6,p_b7d7331a7460,same_university,0.20,,Shared university: TU Wien
p_a12df22246c6,p_b8ec718bc717,same_university,0.20,,Shared university: TU Wien
p_a12df22246c6,p_bc88d0286909,same_university,0.20,,Shared university: TU Wien
p_a12df22246c6,p_bdf69ab58730,same_university,0.20,,Shared university: TU Wien
p_a12df22246c6,p_c28424c7cff8,same_university,0.20,,Shared university: TU Wien
p_a12df22246c6,p_c4e79a8aedca,same_university,0.20,,Shared university: TU Wien
p_a12df22246c6,p_c8b99d53c18a,same_university,0.20,,Shared university: TU Wien
p_a12df22246c6,p_ca1dc2eed7f6,same_university,0.20,,Shared university: TU Wien
p_a12df22246c6,p_ca4a99f213dc,same_university,0.20,,Shared university: TU Wien
p_a12df22246c6,p_cc44e04be967,same_university,0.20,,Shared university: TU Wien
p_a12df22246c6,p_d3ba47c6902d,same_university,0.20,,Shared university: TU Wien
p_a12df22246c6,p_d48e4ef31772,same_university,0.20,,Shared university: TU Wien
p_a12df22246c6,p_d54412518e1d,same_university,0.20,,Shared university: TU Wien
p_a12df22246c6,p_d59111e0cf6d,same_university,0.20,,Shared university: TU Wien
p_a12df22246c6,p_d6acc5297b85,same_university,0.20,,Shared university: TU Wien
p_a12df22246c6,p_d96513056fad,same_university,0.20,,Shared university: TU Wien
p_a12df22246c6,p_d979c0609bb0,same_university,0.20,,Shared university: TU Wien
p_a12df22246c6,p_dc4fb3952406,same_university,0.20,,Shared university: TU Wien
p_a12df22246c6,p_e3bdbee9f327,same_university,0.20,,Shared university: TU Wien
p_a12df22246c6,p_f0796af1f964,same_university,0.20,,Shared university: TU Wien
p_a12df22246c6,p_f5aae7a1da7f,same_university,0.20,,Shared university: TU Wien
p_a12df22246c6,p_f69c45a1adca,same_university,0.20,,Shared university: TU Wien
p_a12df22246c6,p_f6ca4ba0d6a3,same_university,0.20,,Shared university: TU Wien
p_a12df22246c6,p_f91fbfeafc03,same_university,0.20,,Shared university: TU Wien
p_a12df22246c6,p_f9a0dfb82f0c,same_university,0.20,,Shared university: TU Wien
p_a12df22246c6,p_faf0432d7287,same_university,0.20,,Shared university: TU Wien
p_a12df22246c6,p_faf72768d249,same_university,0.20,,Shared university: TU Wien
p_a12df22246c6,p_fc085ff11435,same_university,0.20,,Shared university: TU Wien
p_a12df22246c6,p_fe4fedd24693,same_university,0.20,,Shared university: TU Wien
p_a3572a58b762,p_b8ec718bc717,same_university,0.20,,Shared university: TU Wien
p_a3572a58b762,p_d3ba47c6902d,same_university,0.20,,Shared university: TU Wien
p_a3572a58b762,p_dc4fb3952406,same_university,0.20,,Shared university: TU Wien
p_a41459cdd768,p_b8ec718bc717,same_university,0.20,,Shared university: TU Wien
p_a41459cdd768,p_d3ba47c6902d,same_university,0.20,,Shared university: TU Wien
p_a41459cdd768,p_dc4fb3952406,same_university,0.20,,Shared university: TU Wien
p_a94928a1c583,p_b8ec718bc717,same_university,0.20,,Shared university: TU Wien
p_a94928a1c583,p_d3ba47c6902d,same_university,0.20,,Shared university: TU Wien
p_a94928a1c583,p_dc4fb3952406,same_university,0.20,,Shared university: TU Wien
p_ad6993f05ccc,p_b8ec718bc717,same_university,0.20,,Shared university: TU Wien
p_ad6993f05ccc,p_d3ba47c6902d,same_university,0.20,,Shared university: TU Wien
p_ad6993f05ccc,p_dc4fb3952406,same_university,0.20,,Shared university: TU Wien
p_b3a0f268994f,p_b8ec718bc717,same_university,0.20,,Shared university: TU Wien
p_b3a0f268994f,p_d3ba47c6902d,same_university,0.20,,Shared university: TU Wien
p_b3a0f268994f,p_dc4fb3952406,same_university,0.20,,Shared university: TU Wien
p_b6f5c5402d18,p_b8ec718bc717,same_university,0.20,,Shared university: TU Wien
p_b6f5c5402d18,p_d3ba47c6902d,same_university,0.20,,Shared university: TU Wien
p_b6f5c5402d18,p_dc4fb3952406,same_university,0.20,,Shared university: TU Wien
p_b7d7331a7460,p_b8ec718bc717,same_university,0.20,,Shared university: TU Wien
p_b7d7331a7460,p_d3ba47c6902d,same_university,0.20,,Shared university: TU Wien
p_b7d7331a7460,p_dc4fb3952406,same_university,0.20,,Shared university: TU Wien
p_b8ec718bc717,p_bc88d0286909,same_university,0.20,,Shared university: TU Wien
p_b8ec718bc717,p_bdf69ab58730,same_university,0.20,,Shared university: TU Wien
p_b8ec718bc717,p_c28424c7cff8,same_university,0.20,,Shared university: TU Wien
p_b8ec718bc717,p_c4e79a8aedca,same_university,0.20,,Shared university: TU Wien
p_b8ec718bc717,p_c8b99d53c18a,same_university,0.20,,Shared university: TU Wien
p_b8ec718bc717,p_ca1dc2eed7f6,same_university,0.20,,Shared university: TU Wien
p_b8ec718bc717,p_ca4a99f213dc,same_university,0.20,,Shared university: TU Wien
p_b8ec718bc717,p_cc44e04be967,same_university,0.20,,Shared university: TU Wien
p_b8ec718bc717,p_d48e4ef31772,same_university,0.20,,Shared university: TU Wien
p_b8ec718bc717,p_d54412518e1d,same_university,0.20,,Shared university: TU Wien
p_b8ec718bc717,p_d59111e0cf6d,same_university,0.20,,Shared university: TU Wien
p_b8ec718bc717,p_d6acc5297b85,same_university,0.20,,Shared university: TU Wien
p_b8ec718bc717,p_d96513056fad,same_university,0.20,,Shared university: TU Wien
p_b8ec718bc717,p_d979c0609bb0,same_university,0.20,,Shared university: TU Wien
p_b8ec718bc717,p_e3bdbee9f327,same_university,0.20,,Shared university: TU Wien
p_b8ec718bc717,p_f0796af1f964,same_university,0.20,,Shared university: TU Wien
p_b8ec718bc717,p_f5aae7a1da7f,same_university,0.20,,Shared university: TU Wien
p_b8ec718bc717,p_f69c45a1adca,same_university,0.20,,Shared university: TU Wien
p_b8ec718bc717,p_f6ca4ba0d6a3,same_university,0.20,,Shared university: TU Wien
p_b8ec718bc717,p_f91fbfeafc03,same_university,0.20,,Shared university: TU Wien
p_b8ec718bc717,p_f9a0dfb82f0c,same_university,0.20,,Shared university: TU Wien
p_b8ec718bc717,p_faf0432d7287,same_university,0.20,,Shared university: TU Wien
p_b8ec718bc717,p_faf72768d249,same_university,0.20,,Shared university: TU Wien
p_b8ec718bc717,p_fc085ff11435,same_university,0.20,,Shared university: TU Wien
p_b8ec718bc717,p_fe4fedd24693,same_university,0.20,,Shared university: TU Wien
p_bc88d0286909,p_d3ba47c6902d,same_university,0.20,,Shared university: TU Wien
p_bc88d0286909,p_dc4fb3952406,same_university,0.20,,Shared university: TU Wien
p_bdf69ab58730,p_d3ba47c6902d,same_university,0.20,,Shared university: TU Wien
p_bdf69ab58730,p_dc4fb3952406,same_university,0.20,,Shared university: TU Wien
p_c28424c7cff8,p_d3ba47c6902d,same_university,0.20,,Shared university: TU Wien
p_c28424c7cff8,p_dc4fb3952406,same_university,0.20,,Shared university: TU Wien
p_c4e79a8aedca,p_d3ba47c6902d,same_university,0.20,,Shared university: TU Wien
p_c4e79a8aedca,p_dc4fb3952406,same_university,0.20,,Shared university: TU Wien
p_c8b99d53c18a,p_d3ba47c6902d,same_university,0.20,,Shared university: TU Wien
p_c8b99d53c18a,p_dc4fb3952406,same_university,0.20,,Shared university: TU Wien
p_ca1dc2eed7f6,p_d3ba47c6902d,same_university,0.20,,Shared university: TU Wien
p_ca1dc2eed7f6,p_dc4fb3952406,same_university,0.20,,Shared university: TU Wien
p_ca4a99f213dc,p_d3ba47c6902d,same_university,0.20,,Shared university: TU Wien
p_ca4a99f213dc,p_dc4fb3952406,same_university,0.20,,Shared university: TU Wien
p_cc44e04be967,p_d3ba47c6902d,same_university,0.20,,Shared university: TU Wien
p_cc44e04be967,p_dc4fb3952406,same_university,0.20,,Shared university: TU Wien
p_d3ba47c6902d,p_d48e4ef31772,same_university,0.20,,Shared university: TU Wien
p_d3ba47c6902d,p_d54412518e1d,same_university,0.20,,Shared university: TU Wien
p_d3ba47c6902d,p_d59111e0cf6d,same_university,0.20,,Shared university: TU Wien
p_d3ba47c6902d,p_d6acc5297b85,same_university,0.20,,Shared university: TU Wien
p_d3ba47c6902d,p_d96513056fad,same_university,0.20,,Shared university: TU Wien
p_d3ba47c6902d,p_d979c0609bb0,same_university,0.20,,Shared university: TU Wien
p_d3ba47c6902d,p_e3bdbee9f327,same_university,0.20,,Shared university: TU Wien
p_d3ba47c6902d,p_f0796af1f964,same_university,0.20,,Shared university: TU Wien
p_d3ba47c6902d,p_f5aae7a1da7f,same_university,0.20,,Shared university: TU Wien
p_d3ba47c6902d,p_f69c45a1adca,same_university,0.20,,Shared university: TU Wien
p_d3ba47c6902d,p_f6ca4ba0d6a3,same_university,0.20,,Shared university: TU Wien
p_d3ba47c6902d,p_f91fbfeafc03,same_university,0.20,,Shared university: TU Wien
p_d3ba47c6902d,p_f9a0dfb82f0c,same_university,0.20,,Shared university: TU Wien
p_d3ba47c6902d,p_faf0432d7287,same_university,0.20,,Shared university: TU Wien
p_d3ba47c6902d,p_faf72768d249,same_university,0.20,,Shared university: TU Wien
p_d3ba47c6902d,p_fc085ff11435,same_university,0.20,,Shared university: TU Wien
p_d3ba47c6902d,p_fe4fedd24693,same_university,0.20,,Shared university: TU Wien
p_d48e4ef31772,p_dc4fb3952406,same_university,0.20,,Shared university: TU Wien
p_d54412518e1d,p_dc4fb3952406,same_university,0.20,,Shared university: TU Wien
p_d59111e0cf6d,p_dc4fb3952406,same_university,0.20,,Shared university: TU Wien
p_d6acc5297b85,p_dc4fb3952406,same_university,0.20,,Shared university: TU Wien
p_d96513056fad,p_dc4fb3952406,same_university,0.20,,Shared university: TU Wien
p_d979c0609bb0,p_dc4fb3952406,same_university,0.20,,Shared university: TU Wien
p_daa023c4cfe0,p_dcb61d9ae7f5,same_university,0.20,,Shared university: University of Vienna
p_daa023c4cfe0,p_fd37508619d9,same_university,0.20,,Shared university: University of Vienna
p_dc4fb3952406,p_e3bdbee9f327,same_university,0.20,,Shared university: TU Wien
p_dc4fb3952406,p_f0796af1f964,same_university,0.20,,Shared university: TU Wien
p_dc4fb3952406,p_f5aae7a1da7f,same_university,0.20,,Shared university: TU Wien
p_dc4fb3952406,p_f69c45a1adca,same_university,0.20,,Shared university: TU Wien
p_dc4fb3952406,p_f6ca4ba0d6a3,same_university,0.20,,Shared university: TU Wien
p_dc4fb3952406,p_f91fbfeafc03,same_university,0.20,,Shared university: TU Wien
p_dc4fb3952406,p_f9a0dfb82f0c,same_university,0.20,,Shared university: TU Wien
p_dc4fb3952406,p_faf0432d7287,same_university,0.20,,Shared university: TU Wien
p_dc4fb3952406,p_faf72768d249,same_university,0.20,,Shared university: TU Wien
p_dc4fb3952406,p_fc085ff11435,same_university,0.20,,Shared university: TU Wien
p_dc4fb3952406,p_fe4fedd24693,same_university,0.20,,Shared university: TU Wien
p_dcb61d9ae7f5,p_e2160261479b,same_university,0.20,,Shared university: University of Vienna
p_e2160261479b,p_fd37508619d9,same_university,0.20,,Shared university: University of Vienna
p_08428cfb4434,p_3cbeb63407f3,shared_keyword,1.00,,Shared keyword: biophysics
p_08428cfb4434,p_881b0250c99b,shared_keyword,1.00,,Shared keyword: biophysics
p_3cbeb63407f3,p_881b0250c99b,shared_keyword,1.00,,Shared keyword: biophysics
p_3f0f692d7d18,p_a028904c9e1a,shared_keyword,1.00,,Shared keyword: atomic force microscopy
p_3f0f692d7d18,p_a12df22246c6,shared_keyword,1.00,,Shared keyword: atomic force microscopy
p_a028904c9e1a,p_a12df22246c6,shared_keyword,1.00,,Shared keyword: atomic force microscopy
p_a028904c9e1a,p_daa023c4cfe0,shared_keyword,1.00,,Shared keyword: super-resolution microscopy
p_b8ec718bc717,p_d3ba47c6902d,shared_keyword,1.00,,Shared keyword: t-cell signaling
p_08428cfb4434,p_dc4fb3952406,supervisor,3.00,https://www.tuwien.at/en/phy/iap/biophysics/theory-of-living-matter-group/team,Sebastian Fürthauer is PI of the Theory of Living Matter group; Cédrik Barutel is listed as a PhD student.
p_0f1c5362be36,p_dc4fb3952406,supervisor,3.00,https://www.tuwien.at/en/phy/iap/biophysics/theory-of-living-matter-group/team,Sebastian Fürthauer is PI of the Theory of Living Matter group; Arun Ravi is listed as a PhD student.
p_83b541e9bcf1,p_dc4fb3952406,supervisor,3.00,https://www.tuwien.at/en/phy/iap/biophysics/theory-of-living-matter-group/team,Sebastian Fürthauer is PI of the Theory of Living Matter group; Jakob Roland Schindelwig is listed as a PhD student.
